,name,Mes,Dia Inicio,Dia Final,location,price,price_for,room_type,beds,rating,Hoteles+otros,Albergues+Alojamientos_Compartidos,Apartamentos+casas,Originales+Aire_Libre,Tipo_de_Alojamiento,Senderismo,Bañera,Baño_al_Aire_libre,Baño_publico,Tours_a_pie,Ciclismo,Parque_acuatico,Equitación,Parking,Habitaciones_Familiares,Habitaciones_No_Fumadores,Admite_Mascotas,Wifi_gratis,Restaurantes,Piscina,Servicio_Habitaciones,Adaptado_Movilidad_reducida,Spa_Y Centro_Bienestar,Gimnasio
0,Holiday Inn La Mesa,Agosto,18,20,La Mesa,COP 870.340,"2 noches, 1 adulto",Habitación Doble - 2 camas dobles - Acceso para personas de movilidad reducida con ducha - No fumadores,2 camas dobles,"7,7",Si,Si,No,No,Hoteles,No,No,No,No,No,No,No,No,Si,Si,Si,No,Si,No,No,No,Si,No,Si
1,Days Inn & Suites SDSU - LA MESA - SAN DIEGO,Agosto,18,20,La Mesa,COP 614.080,"2 noches, 1 adulto",Estudio - No fumadores - 1 cama extragrande,1 cama doble extragrande,"7,5",Si,Si,No,No,Hoteles,No,Si,No,No,No,No,No,No,Si,Si,Si,No,Si,No,Si,No,Si,Si,No
2,Best Western PLUS La Mesa San Diego,Agosto,18,20,La Mesa,COP 1.079.100,"2 noches, 1 adulto",Habitación con cama extragrande.,1 cama doble extragrande,"8,6",Si,Si,No,No,Hoteles,No,Si,No,No,No,No,No,No,Si,Si,Si,No,Si,No,Si,No,Si,Si,Si
3,Heritage Inn La Mesa,Agosto,18,20,La Mesa,COP 446.060,"2 noches, 1 adulto",Habitación con cama grande - Fumadores,1 cama doble grande,"6,9",Si,Si,No,No,Hoteles,No,Si,No,No,No,No,No,No,Si,No,Si,Si,Si,No,Si,No,Si,No,No
4,Motel 6 San Diego - La Mesa,Agosto,18,20,La Mesa,COP 543.100,"2 noches, 1 adulto",Habitación con cama grande y ducha a ras de suelo - Adaptada para personas de movilidad reducida,1 cama doble grande,"6,9",Si,Si,No,No,Hoteles,No,No,No,No,No,No,No,No,Si,No,Si,Si,Si,No,No,No,Si,No,No
5,Motel 6 La Mesa CA,Agosto,18,20,San Diego,COP 1.448.380,"2 noches, 1 adulto",Habitación Deluxe con cama extragrande,1 cama doble extragrande,"7,3",Si,Si,No,No,Hoteles,No,No,No,No,No,No,No,No,Si,No,Si,Si,Si,No,No,No,Si,No,No
6,Motel 6 San Diego - El Cajon,Agosto,18,20,El Cajón,COP 470.680,"2 noches, 1 adulto",Habitación Doble - 2 camas dobles,2 camas dobles,"7,2",Si,Si,No,No,Hoteles,No,No,No,No,No,No,No,No,Si,No,Si,Si,Si,No,Si,No,Si,No,No
7,Harvey's Motel San Diego State University Area,Agosto,18,20,San Diego,COP 506.960,"2 noches, 1 adulto",Habitación Estándar - 1 cama grande,1 cama doble grande,"7,1",Si,Si,No,No,,No,No,No,No,No,No,No,No,Si,Si,Si,No,Si,No,No,No,Si,No,No
8,Econo Lodge Inn & Suites El Cajon San Diego East,Agosto,18,20,El Cajón,COP 514.920,"2 noches, 1 adulto",Habitación Estándar con cama extragrande - Para fumadores,1 cama doble extragrande,"6,5",Si,Si,No,No,Hoteles,No,Si,No,No,No,No,No,No,Si,Si,Si,No,Si,No,Si,No,Si,No,No
9,Howard Johnson University Inn - SDSU - San Diego State University,Agosto,18,20,San Diego,COP 479.580,"2 noches, 1 adulto",Habitación con cama extragrande.,1 cama doble extragrande,"7,7",Si,Si,No,No,Hoteles,No,No,No,No,No,No,No,No,Si,Si,Si,No,Si,Si,Si,Si,Si,No,No
10,Rodeway Inn Lemon Grove San Diego East,Agosto,18,20,Lemon Grove,COP 543.180,"2 noches, 1 adulto",Habitación con cama grande,1 cama doble grande,"6,7",Si,Si,No,No,Hoteles,No,No,No,No,No,No,No,No,Si,No,Si,No,Si,No,No,No,Si,No,No
11,Super 8 by Wyndham El Cajon CA,Agosto,18,20,El Cajón,COP 710.460,"2 noches, 1 adulto",Habitación Deluxe con cama extragrande - No fumadores,"2 camas
(1 doble extragrande, 1 sofá cama)","7,8",Si,Si,No,No,Hoteles,No,No,No,No,No,No,No,No,Si,Si,Si,No,Si,No,No,No,Si,No,No
12,Days Inn by Wyndham Mission Valley Qualcomm Stadium/SDSU,Agosto,18,20,San Diego,COP 488.780,"2 noches, 1 adulto",Suite con cama extragrande - No fumadores,1 cama doble extragrande,"7,0",Si,Si,No,No,Hoteles,No,Si,No,No,No,No,No,No,Si,Si,Si,No,Si,No,Si,No,Si,No,Si
13,Days Inn by Wyndham San Diego-East/El Cajon,Agosto,18,20,El Cajón,COP 612.700,"2 noches, 1 adulto",Habitación - 1 cama extragrande - No fumadores,1 cama doble extragrande,"7,9",Si,Si,No,No,Hoteles,No,Si,No,No,No,No,No,No,Si,Si,No,No,Si,No,Si,No,No,No,No
14,Best Western Lamplighter Inn & Suites at SDSU,Agosto,18,20,San Diego,COP 868.060,"2 noches, 1 adulto",Habitación - No fumadores - Cama grande,1 cama doble grande,"8,2",Si,Si,No,No,Hoteles,No,No,No,No,No,No,No,No,Si,Si,Si,Si,Si,No,Si,No,Si,No,No
15,Rodeway Inn San Diego Near SDSU,Agosto,18,20,San Diego,COP 645.280,"2 noches, 1 adulto",Habitación con ducha a ras de suelo - 1 cama extragrande - No fumadores,1 cama doble extragrande,"7,6",Si,Si,No,No,Hoteles,No,No,No,No,No,No,No,No,Si,No,No,No,Si,No,Si,No,No,No,No
16,Relax Inn & Suites El Cajon,Agosto,18,20,El Cajón,COP 1.441.200,"2 noches, 1 adulto",Habitación Estándar - 1 cama grande,1 cama doble grande,"7,0",Si,Si,No,No,,No,No,No,No,No,No,No,No,Si,Si,Si,No,Si,No,Si,No,No,No,No
17,Best Western Santee Lodge,Agosto,18,20,Santee,COP 789.400,"2 noches, 1 adulto",Habitación adaptada para personas con discapacidad - 2 camas grandes - No fumadores,2 camas dobles grandes,"7,8",Si,Si,No,No,Hoteles,No,Si,No,No,No,No,No,No,Si,Si,Si,Si,Si,No,Si,No,No,No,No
18,"Carlton Oaks Lodge, Ascend Hotel Collection",Agosto,18,20,Santee,COP 572.140,"2 noches, 1 adulto",Habitación Doble con 2 camas dobles - Adaptada para personas con movilidad reducida/No fumadores,2 camas dobles,"8,6",Si,Si,No,No,Hoteles,No,Si,No,No,No,No,No,No,Si,Si,Si,No,No,Si,Si,No,Si,No,No
19,El Cajon Inn & Suites,Agosto,18,20,El Cajón,COP 586.620,"2 noches, 1 adulto",Habitación con cama extragrande y baño privado,1 cama doble extragrande,"5,9",Si,Si,No,No,,No,No,No,No,No,No,No,No,Si,Si,Si,Si,Si,No,No,No,No,No,No
20,Americas Best Value Inn-El Cajon/San Diego,Agosto,18,20,El Cajón,COP 506.960,"2 noches, 1 adulto",Habitación con cama extragrande - Fumadores,1 cama doble extragrande,"4,6",Si,Si,No,No,,No,No,No,No,No,No,No,No,Si,No,Si,No,Si,No,Si,No,Si,No,No
21,Extended Stay America - San Diego - Mission Valley - Stadium,Agosto,18,20,"Kearny Mesa, San Diego",COP 713.300,"2 noches, 1 adulto",Estudio con cama grande - Adaptado para personas con movilidad reducida - No fumadores,1 cama doble grande,"7,7",Si,Si,Si,No,Hoteles,No,No,No,No,No,No,No,No,Si,Si,Si,Si,Si,No,No,No,Si,No,No
22,Travelodge by Wyndham El Cajon,Agosto,18,20,El Cajón,COP 554.040,"2 noches, 1 adulto",Habitación con cama grande,1 cama doble grande,"6,0",Si,Si,No,No,Hoteles,No,No,No,No,No,No,No,No,Si,No,Si,Si,Si,No,No,No,Si,No,No
23,Villa Serena Motel,Agosto,18,20,El Cajón,COP 470.760,"2 noches, 1 adulto",Habitación Estándar - 1 cama grande,1 cama doble grande,"5,5",Si,Si,No,No,,No,No,No,No,No,No,No,No,Si,No,Si,No,Si,No,No,No,No,No,No
24,Super 8 by Wyndham San Diego Hotel Circle,Agosto,18,20,"Mission Valley, San Diego",COP 515.940,"2 noches, 1 adulto",Habitación Doble Deluxe - Acceso para personas de movilidad reducida,1 cama doble grande,"7,2",Si,Si,No,No,Hoteles,No,No,No,No,No,No,No,No,Si,Si,Si,No,Si,No,No,No,Si,No,Si
25,EZ 8 Motel Old Town,Agosto,18,20,San Diego,COP 354.880,"2 noches, 1 adulto",Habitación con cama grande,1 cama doble grande,"6,1",No,No,No,No,,No,Si,No,No,No,No,No,No,Si,Si,Si,Si,No,No,Si,No,Si,No,No
26,Rodeway Inn Santee San Diego East,Agosto,18,20,Santee,COP 579.320,"2 noches, 1 adulto",Habitación con cama grande - Fumadores,1 cama doble grande,"7,7",No,No,No,No,Hoteles,No,No,No,No,No,No,No,No,Si,No,No,No,Si,No,Si,No,No,No,No
27,"Studio 6 National City, CA – Naval Base San Diego",Agosto,18,20,National City,COP 506.880,"2 noches, 1 adulto",Habitación con cama grande y cocina - Adaptada para personas con movilidad reducida - No fumadores,,"7,5",No,No,No,No,,No,No,No,No,No,No,No,No,Si,No,Si,Si,Si,No,Si,No,Si,No,No
28,Motel 6 San Diego - Chula Vista,Agosto,18,20,Chula Vista,COP 470.680,"2 noches, 1 adulto",Habitación Estándar - 1 cama grande,1 cama doble grande,"7,0",No,No,No,No,Hoteles,No,No,No,No,No,No,No,No,Si,Si,Si,Si,Si,No,Si,No,Si,No,No
29,The Atwood Hotel San Diego - SeaWorld/Zoo,Agosto,18,20,"Mission Valley, San Diego",COP 938.600,"2 noches, 1 adulto",Habitación adaptada para personas de movilidad reducida con 2 camas grandes,2 camas dobles grandes,"8,3",No,No,No,No,,No,Si,No,No,No,No,No,No,Si,Si,Si,Si,Si,Si,Si,No,Si,No,No
30,Motel 6 San Diego - Hotel Circle,Agosto,18,20,"Mission Valley, San Diego",COP 506.880,"2 noches, 1 adulto",Habitación con 2 camas grandes,2 camas dobles grandes,"7,2",No,No,No,No,Hoteles,No,No,No,No,No,No,No,No,Si,No,Si,Si,Si,No,Si,No,Si,No,No
31,Hilton Garden Inn San Diego Mission Valley/Stadium,Agosto,18,20,San Diego,COP 1.252.900,"2 noches, 1 adulto",Habitación con 2 camas grandes - Adaptada para personas de movilidad reducida con bañera,2 camas dobles grandes,"8,3",No,No,No,No,Hoteles,No,Si,No,No,No,No,No,No,Si,Si,No,No,Si,Si,Si,Si,Si,No,No
32,Howard Johnson by Wyndham National City/San Diego South,Agosto,18,20,National City,COP 599.660,"2 noches, 1 adulto",Habitación con cama extragrande - Fumadores,1 cama doble extragrande,"7,5",No,No,No,No,Hoteles,No,Si,No,No,No,No,No,No,Si,Si,Si,No,Si,No,Si,No,Si,No,No
33,Days Inn by Wyndham San Diego Chula Vista South Bay,Agosto,18,20,Chula Vista,COP 644.560,"2 noches, 1 adulto",Habitación - 1 cama extragrande - No fumadores,1 cama doble extragrande,"7,5",No,No,No,No,Hoteles,No,No,No,No,No,No,No,No,Si,Si,Si,No,Si,No,Si,No,Si,No,No
34,La Quinta by Wyndham San Diego SeaWorld/Zoo Area,Agosto,18,20,"Mission Valley, San Diego",COP 861.820,"2 noches, 1 adulto",Habitación Deluxe con 2 camas grandes,2 camas dobles grandes,"7,6",No,No,No,No,Hoteles,Si,Si,No,No,No,No,No,No,Si,Si,Si,Si,Si,No,Si,No,Si,Si,Si
35,"Howard Johnson by Wyndham, Chula Vista/San Diego Hotel & Suites",Agosto,18,20,Chula Vista,COP 580.100,"2 noches, 1 adulto",Suite Estudio con cama extragrande y sofá cama - No fumadores,"2 camas
(1 doble extragrande, 1 sofá cama)","7,2",No,No,No,No,Hoteles,Si,No,No,No,No,No,No,No,Si,No,Si,No,Si,Si,Si,No,Si,No,No
36,San Diego Marriott Mission Valley,Agosto,18,20,"Mission Valley, San Diego",COP 1.151.520,"2 noches, 1 adulto","Habitación con cama extragrande o doble, vistas a la ciudad y balcón",Varios tipos de camas,"8,5",No,No,No,No,Hoteles,No,Si,No,No,No,No,No,No,Si,Si,Si,No,No,Si,Si,Si,Si,No,Si
37,Quality Suites San Diego SeaWorld Area,Agosto,18,20,"Mission Valley, San Diego",COP 775.640,"2 noches, 1 adulto",Suite con cama extragrande - No fumadores,"2 camas
(1 doble extragrande, 1 sofá cama)","7,6",No,No,No,No,Hoteles,No,Si,No,No,No,No,No,No,Si,No,Si,No,Si,No,No,No,Si,No,Si
38,Riverleaf Inn Mission Valley,Agosto,18,20,"Mission Valley, San Diego",COP 732.560,"2 noches, 1 adulto",Habitación con cama grande - Admite mascotas,1 cama doble grande,"7,5",No,No,No,No,Hoteles,No,Si,No,No,No,No,No,No,Si,Si,Si,Si,No,No,Si,No,Si,No,No
39,Super 8 by Wyndham National City Chula Vista,Agosto,18,20,National City,COP 434.460,"2 noches, 1 adulto",Habitación adaptada para personas de movilidad reducida - No fumadores - Cama extragrande,1 cama doble extragrande,"7,3",No,No,No,No,Hoteles,No,No,No,No,No,No,No,No,Si,Si,Si,No,Si,No,No,Si,No,No,No
40,Good Nite Inn San Diego Airport/SeaWorld,Agosto,18,20,"Midway-Pacific Highway, San Diego",COP 550.420,"2 noches, 1 adulto",Habitación con 2 camas grandes,2 camas dobles grandes,"8,1",No,No,No,No,,No,No,No,No,No,No,No,No,Si,No,Si,No,Si,No,No,No,Si,No,No
41,Howard Johnson by Wyndham San Diego Hotel Circle,Agosto,18,20,"Mission Valley, San Diego",COP 651.740,"2 noches, 1 adulto",Habitación con cama extragrande.,1 cama doble extragrande,"7,1",No,No,No,No,Hoteles,No,No,No,No,No,No,No,No,Si,No,Si,No,Si,No,Si,No,No,No,No
42,Days Inn by Wyndham San Diego Hotel Circle,Agosto,18,20,"Mission Valley, San Diego",COP 701.780,"2 noches, 1 adulto",Habitación con 2 camas grandes,2 camas dobles grandes,"8,0",No,No,No,No,Hoteles,No,Si,No,No,No,No,No,No,Si,Si,Si,No,Si,Si,Si,No,No,No,Si
43,California Suites Hotel,Agosto,18,20,San Diego,COP 716.980,"2 noches, 1 adulto",Habitación con cama grande,1 cama doble grande,"7,7",No,No,No,No,Hoteles,No,Si,No,No,No,No,No,No,No,Si,Si,No,No,No,No,No,Si,No,No
44,Northgate Motel,Agosto,18,20,El Cajón,COP 543.180,"2 noches, 1 adulto",Habitación - 1 cama extragrande - No fumadores,1 cama doble extragrande,"7,9",No,No,No,No,,No,No,No,No,No,No,No,No,Si,Si,Si,No,Si,No,No,Si,No,No,No
45,Vineyard Hacienda,Agosto,18,20,El Cajón,COP 872.620,"2 noches, 1 adulto",Habitación Deluxe - 1 cama grande,1 cama doble grande,"8,9",No,No,No,No,resorts,Si,Si,No,No,No,No,No,No,Si,No,Si,No,Si,No,Si,No,Si,No,Si
46,La Quinta Inn by Wyndham San Diego Chula Vista,Agosto,18,20,Chula Vista,COP 753.200,"2 noches, 1 adulto",Habitación Deluxe con cama extragrande,1 cama doble extragrande,"8,4",No,No,No,No,Hoteles,No,No,No,No,No,No,No,No,Si,No,Si,Si,Si,No,Si,No,Si,No,Si
47,Hotel Iris - Mission Valley-San Diego Zoo-SeaWorld,Agosto,18,20,"Mission Valley, San Diego",COP 861.820,"2 noches, 1 adulto",Habitación - No fumadores - Cama grande,1 cama doble grande,"7,3",No,No,No,No,Hoteles,No,Si,No,No,No,No,No,No,Si,Si,Si,Si,Si,No,Si,No,Si,Si,No
48,Extended Stay America - San Diego - Fashion Valley,Agosto,18,20,San Diego,COP 582.940,"2 noches, 1 adulto",Estudio con cama grande - No fumadores,1 cama doble grande,"6,4",No,No,Si,No,Hoteles,No,No,No,No,No,No,No,No,Si,Si,Si,Si,Si,No,No,No,Si,No,No
49,Rodeway Inn National City San Diego South,Agosto,18,20,National City,COP 579.320,"2 noches, 1 adulto",Habitación con cama grande - Fumadores,1 cama doble grande,"6,0",No,No,No,No,,No,No,No,No,No,No,No,No,Si,No,Si,No,Si,No,No,No,Si,No,No
50,Four Points by Sheraton San Diego,Agosto,18,20,"Kearny Mesa, San Diego",COP 1.368.780,"2 noches, 1 adulto",Habitación con cama extragrande,1 cama doble extragrande,"7,8",No,No,No,No,Hoteles,No,Si,No,No,No,No,No,No,Si,Si,Si,No,Si,Si,Si,Si,Si,No,Si
51,Heritage Inn San Diego,Agosto,18,20,"Midway-Pacific Highway, San Diego",COP 543.100,"2 noches, 1 adulto",Habitación Estándar - 1 cama grande,1 cama doble grande,"5,6",No,No,No,No,Hoteles,No,No,No,No,No,No,No,No,No,Si,Si,Si,Si,No,Si,No,Si,No,No
52,Singing Hills Golf Resort at Sycuan,Agosto,18,20,El Cajón,COP 1.006.680,"2 noches, 1 adulto",Habitación con 2 camas grandes,2 camas dobles grandes,"9,1",No,No,No,No,resorts,Si,Si,No,No,No,No,No,No,No,Si,Si,No,Si,Si,Si,Si,Si,Si,Si
53,Berkshire Motor Hotel,Agosto,18,20,San Diego,COP 1.009.560,"2 noches, 1 adulto",Habitación con cama grande,1 cama doble grande,"8,2",No,No,No,No,,No,No,No,No,No,No,No,No,No,Si,Si,No,No,No,No,No,No,No,No
54,Best Western Seven Seas,Agosto,18,20,"Mission Valley, San Diego",COP 599.660,"2 noches, 1 adulto",Habitación con cama grande y ducha a ras de suelo - Adaptada para personas de movilidad reducida,1 cama doble grande,"7,7",No,No,No,No,Hoteles,No,Si,No,No,No,No,No,No,No,Si,No,No,Si,Si,Si,Si,Si,No,Si
55,Americas Best Value Inn Loma Lodge - Extended Stay/Weekly Rates Available,Agosto,18,20,"Point Loma, San Diego",COP 755.000,"2 noches, 1 adulto",Habitación adaptada para personas de movilidad reducida con 1 cama doble - No fumadores,1 cama doble,"6,9",No,No,No,No,Hoteles,No,No,No,No,No,No,No,No,No,Si,No,No,Si,No,Si,No,Si,No,No
56,Vagabond Inn Chula Vista,Agosto,18,20,Chula Vista,COP 644.560,"2 noches, 1 adulto",Habitación Estándar - Cama extragrande,1 cama doble extragrande,"7,1",No,No,No,No,Hoteles,No,No,No,No,No,No,No,No,No,No,No,No,No,No,No,No,Si,No,No
57,Baymont by Wyndham San Diego Downtown,Agosto,18,20,"Centro de San Diego, San Diego",COP 644.560,"2 noches, 1 adulto",Habitación - No fumadores - Cama grande,1 cama doble grande,"8,0",No,No,No,No,,No,No,No,No,No,No,No,No,No,Si,No,No,No,No,No,No,Si,No,No
58,Travelodge by Wyndham San Diego Downtown Convention Center,Agosto,18,20,San Diego,COP 912.240,"2 noches, 1 adulto",Habitación con 2 camas grandes - Fumadores,2 camas dobles grandes,"7,4",No,No,No,No,Hoteles,No,No,No,No,No,No,No,No,No,Si,No,No,No,No,No,Si,Si,No,No
59,SpringHill Suites by Marriott San Diego Mission Valley,Agosto,18,20,"Mission Valley, San Diego",COP 1.260.140,"2 noches, 1 adulto",Estudio con 1 cama grande,"3 camas
(1 sofá cama, 2 dobles grandes)","8,8",No,No,Si,No,Hoteles,No,No,No,No,No,No,No,No,No,No,No,Si,No,No,Si,No,Si,No,Si
60,Ramada by Wyndham San Diego North Hotel & Conference Center,Agosto,18,20,"Kearny Mesa, San Diego",COP 689.400,"2 noches, 1 adulto",Habitación - 1 cama extragrande - No fumadores,1 cama doble extragrande,"8,3",No,No,No,No,Hoteles,No,Si,No,No,No,No,No,No,No,Si,No,No,No,Si,Si,No,Si,No,Si
61,Highway Inn Chula Vista,Agosto,18,20,Chula Vista,COP 506.960,"2 noches, 1 adulto",Habitación con cama extragrande - Fumadores,1 cama doble grande,"6,3",No,No,No,No,,No,No,No,No,No,No,No,No,No,Si,No,Si,No,No,No,No,No,No,No
62,The Consulate Hotel Airport/Sea World/San Diego Area,Agosto,18,20,"Point Loma, San Diego",COP 580.760,"2 noches, 1 adulto",Habitación con cama extragrande.,1 cama doble extragrande,"6,9",No,No,No,No,Hoteles,No,Si,No,No,No,No,No,No,No,Si,No,No,No,No,Si,Si,No,No,No
63,DoubleTree by Hilton San Diego-Mission Valley,Agosto,18,20,"Mission Valley, San Diego",COP 861.820,"2 noches, 1 adulto",Habitación con 2 camas grandes,2 camas dobles grandes,"8,2",No,No,No,No,Hoteles,Si,Si,No,No,No,No,No,No,No,Si,No,Si,No,Si,Si,Si,Si,No,Si
64,Comfort Inn & Suites San Diego Zoo SeaWorld Area,Agosto,18,20,"Mission Valley, San Diego",COP 775.640,"2 noches, 1 adulto",Habitación Estándar con cama extragrande - No fumadores,1 cama doble extragrande,"7,7",No,No,No,No,Hoteles,No,Si,No,No,No,No,No,No,No,Si,No,No,No,No,No,No,No,No,No
65,Hampton Inn San Diego Mission Valley,Agosto,18,20,"Mission Valley, San Diego",COP 861.820,"2 noches, 1 adulto",Habitación con cama extragrande y bañera - adaptada para personas de movilidad reducida,1 cama doble extragrande,"8,5",No,No,Si,No,Hoteles,No,Si,No,No,No,No,No,No,No,Si,No,No,No,No,Si,No,No,No,Si
66,Town and Country San Diego,Agosto,18,20,"Mission Valley, San Diego",COP 806.060,"2 noches, 1 adulto",Habitación Marco Polo con 1 cama extragrande,1 cama doble extragrande,"7,4",No,No,No,No,,No,No,No,No,No,No,No,No,No,Si,No,Si,No,Si,Si,Si,No,No,Si
67,Motel 6 San Diego Downtown,Agosto,18,20,"Centro de San Diego, San Diego",COP 506.880,"2 noches, 1 adulto",Habitación Estándar - 1 cama grande,1 cama doble grande,"7,5",No,No,No,No,,No,No,No,No,No,No,No,No,No,No,No,Si,No,No,No,No,No,No,No
68,Homewood Suites By Hilton San Diego Central,Agosto,18,20,San Diego,COP 1.260.140,"2 noches, 1 adulto",Suite de 1 dormitorio con cama extragrande - No fumadores,1 cama doble extragrande,"8,3",No,No,No,No,,Si,No,No,No,No,No,No,No,No,No,No,No,No,No,No,No,No,No,Si
69,Porto Vista Hotel In Little Italy,Agosto,18,20,"Centro de San Diego, San Diego",COP 851.680,"2 noches, 1 adulto",Habitación con cama grande,1 cama doble grande,"7,7",No,No,Si,No,,No,No,No,No,No,No,No,No,No,Si,No,Si,No,Si,Si,Si,No,No,Si
70,SureStay Plus Hotel by Best Western Chula Vista West,Agosto,18,20,Chula Vista,COP 572.140,"2 noches, 1 adulto",Habitación con cama grande,1 cama doble grande,"8,2",No,No,No,No,,No,No,No,No,No,No,No,No,No,No,No,No,No,No,No,Si,No,No,No
71,Kings Inn,Agosto,18,20,"Mission Valley, San Diego",COP 712.640,"2 noches, 1 adulto",Habitación con 2 camas grandes,2 camas dobles grandes,"8,6",No,No,No,No,,No,Si,No,No,No,No,No,No,No,Si,No,No,No,Si,Si,Si,No,No,Si
72,Pleasant Inn,Agosto,18,20,San Diego,COP 572.140,"2 noches, 1 adulto",Habitación - No fumadores - Cama grande,1 cama doble grande,"8,2",No,No,No,No,,No,No,No,No,No,No,No,No,No,No,No,No,No,No,No,No,No,No,No
73,Best Western Plus Marina Gateway Hotel,Agosto,18,20,National City,COP 912.460,"2 noches, 1 adulto",Habitación con 2 camas grandes,2 camas dobles grandes,"8,8",No,No,No,No,,No,Si,No,No,No,No,No,No,No,Si,No,Si,No,Si,Si,No,No,No,Si
74,Days Inn by Wyndham San Diego/Downtown/Convention Center,Agosto,18,20,"Centro de San Diego, San Diego",COP 2.158.180,"2 noches, 1 adulto",Habitación - 1 cama extragrande - No fumadores,1 cama doble extragrande,"7,1",No,No,No,No,,No,No,No,No,No,No,No,No,No,Si,No,No,No,No,No,No,No,No,No
75,Ramada by Wyndham San Diego National City,Agosto,18,20,National City,COP 671.000,"2 noches, 1 adulto",Habitación Doble con 2 camas dobles - No fumadores,2 camas dobles,"7,7",No,No,No,No,,No,Si,No,No,No,No,No,No,No,No,No,No,No,Si,Si,Si,No,No,Si
76,Motel 6 San Diego North,Agosto,18,20,San Diego,COP 579.320,"2 noches, 1 adulto",Habitación Estándar - 1 cama grande,1 cama doble grande,"7,3",No,No,No,No,,No,No,No,No,No,No,No,No,No,No,No,Si,No,No,No,No,No,No,No
77,DoubleTree By Hilton San Diego Hotel Circle,Agosto,18,20,"Mission Valley, San Diego",COP 934.260,"2 noches, 1 adulto",Habitación con cama extragrande.,"2 camas
(1 doble extragrande, 1 sofá cama)","7,3",No,No,No,No,,No,Si,No,No,No,No,No,No,No,No,No,No,No,Si,Si,Si,No,No,Si
78,Big 7 Motel,Agosto,18,20,Chula Vista,COP 499.720,"2 noches, 1 adulto",Habitación Estándar,Varios tipos de camas,"7,5",No,No,No,No,,No,No,No,No,No,No,No,No,No,No,No,No,No,No,Si,Si,No,No,No
79,Four Points by Sheraton San Diego - Sea World,Agosto,18,20,"Midway-Pacific Highway, San Diego",COP 861.820,"2 noches, 1 adulto",Habitación con cama extragrande,1 cama doble extragrande,"8,0",No,No,No,No,,No,No,No,No,No,No,No,No,No,No,No,No,No,Si,Si,No,No,No,Si
80,SureStay Hotel by Best Western San Diego Pacific Beach,Agosto,18,20,"Pacific Beach, San Diego",COP 716.980,"2 noches, 1 adulto",Habitación con 2 camas grandes,2 camas dobles grandes,"7,7",No,No,No,No,,No,No,No,No,No,No,No,No,No,No,No,No,No,No,No,No,No,No,No
81,Hampton Inn San Diego - Kearny Mesa,Agosto,18,20,"Kearny Mesa, San Diego",COP 794.120,"2 noches, 1 adulto",Habitación Doble - 2 camas dobles,2 camas dobles,"8,9",No,No,No,No,,No,No,No,No,No,No,No,No,No,No,No,No,No,No,No,No,No,No,Si
82,Red Roof Inn PLUS+ Chula Vista,Agosto,18,20,Chula Vista,COP 963.140,"2 noches, 1 adulto",Habitación Deluxe - No fumadores - Cama extragrande,1 cama doble extragrande,"6,8",No,No,No,No,,No,No,No,No,No,No,No,No,No,No,No,Si,No,No,No,No,No,No,No
83,Quality Inn Chula Vista San Diego South,Agosto,18,20,Chula Vista,COP 572.140,"2 noches, 1 adulto",Habitación - 1 cama extragrande - No fumadores,1 cama doble extragrande,"6,3",No,No,No,No,,No,No,No,No,No,No,No,No,No,No,No,No,No,No,No,No,No,No,No
84,Sheraton San Diego Mission Valley,Agosto,18,20,"Mission Valley, San Diego",COP 1.079.100,"2 noches, 1 adulto",Alojamiento Tradicional con 2 camas grandes,2 camas dobles grandes,"8,1",No,No,No,No,,No,Si,No,No,No,No,No,No,No,No,No,Si,No,Si,No,Si,No,No,Si
85,Old Town Inn,Agosto,18,20,"Midway-Pacific Highway, San Diego",COP 650.800,"2 noches, 1 adulto",Habitación Pequeña con cama extragrande,1 cama doble extragrande,"8,9",No,No,Si,No,,No,No,No,No,No,No,No,No,No,No,No,No,No,No,No,No,No,No,No
86,Wyndham San Diego Bayside,Agosto,18,20,"Centro de San Diego, San Diego",COP 1.151.520,"2 noches, 1 adulto",Habitación Deluxe con 2 camas dobles - No fumadores,2 camas dobles,"8,1",No,No,No,No,,No,No,No,No,No,No,No,No,No,No,No,Si,No,Si,No,No,No,No,Si
87,Pacific Inn and Suites-Convention Center-Gaslamp-Seaworld,Agosto,18,20,"Centro de San Diego, San Diego",COP 934.260,"2 noches, 1 adulto",Habitación adaptada para personas con movilidad reducida - Cama grande,1 cama doble grande,"7,3",No,No,No,No,,No,No,No,No,No,No,No,No,No,No,No,Si,No,No,No,Si,No,No,No
88,Travelodge by Wyndham San Diego SeaWorld,Agosto,18,20,"Midway-Pacific Highway, San Diego",COP 677.880,"2 noches, 1 adulto",Habitación Deluxe con cama extragrande - No fumadores,1 cama doble extragrande,"6,3",No,No,No,No,,No,No,No,No,No,No,No,No,No,No,No,No,No,No,No,No,No,No,No
89,"Roadrunner Airstream - City/Sunset/Mtn views, Sauna, Golf, Firepit",Agosto,18,20,Spring Valley,COP 1.050.120,"2 noches, 1 adulto",Habitación Doble con patio,1 cama doble,,No,No,No,No,Casas_y_Chalet,No,No,No,No,No,No,No,No,No,No,No,No,No,No,No,No,No,No,No
90,Courtyard by Marriott San Diego El Cajon,Agosto,18,20,El Cajón,COP 1.006.680,"2 noches, 1 adulto",Habitación con 2 camas grandes,1 cama doble extragrande,"9,0",No,No,No,No,,Si,Si,No,No,No,No,No,No,No,No,No,No,No,Si,No,No,No,No,Si
91,Quality Inn & Suites El Cajon San Diego East,Agosto,18,20,El Cajón,COP 514.920,"2 noches, 1 adulto",Habitación con cama extragrande adaptada para persona de movilidad reducida - No fumadores,1 cama doble extragrande,"7,0",No,No,No,No,,No,No,No,No,No,No,No,No,No,No,No,Si,No,No,No,No,No,No,No
92,Hampton Inn & Suites El Cajon San Diego,Agosto,18,20,El Cajón,COP 811.140,"2 noches, 1 adulto",Habitación - 1 cama extragrande - No fumadores,1 cama doble extragrande,"8,0",No,No,No,No,,No,No,No,No,No,No,No,No,No,No,No,Si,No,No,No,No,No,No,No
93,Best Western Plus Continental Inn & Suites,Agosto,18,20,El Cajón,COP 828.520,"2 noches, 1 adulto",Habitación con cama grande y ducha a ras de suelo - Adaptada para personas de movilidad reducida,1 cama doble grande,"6,5",No,No,No,No,,No,Si,No,No,No,No,No,No,No,No,No,Si,No,No,No,No,No,Si,No
94,Luxury Apts near SDSU by WanderJaunt,Agosto,18,20,San Diego,COP 1.698.300,"2 noches, 1 adulto",Apartamento Estándar,"2 camas
(1 sofá cama, 1 doble grande)","9,7",No,No,Si,No,Apartamentos,No,No,No,No,No,No,No,No,No,No,No,No,No,No,No,No,No,No,Si
95,SureStay Plus Hotel by Best Western El Cajon,Agosto,18,20,El Cajón,COP 427.520,"2 noches, 1 adulto",Habitación - 1 cama extragrande - No fumadores,1 cama doble extragrande,"7,5",No,No,No,No,,No,Si,No,No,No,No,No,No,No,No,No,Si,No,No,No,No,No,No,No
96,CUTE LITTLE HOUSE MIDDLE OF EL CAJON,Agosto,18,20,El Cajón,COP 1.046.720,"2 noches, 1 adulto",Casa de 2 dormitorios,"5 camas
(1 sofá cama, 2 dobles grandes, 2 futones)",,No,No,Si,No,Casas_y_Chalet,No,No,No,No,No,No,No,No,No,No,No,Si,No,No,No,No,No,No,No
97,WanderJaunt - Felton - 1BR - North Park,Agosto,18,20,San Diego,COP 1.419.480,"2 noches, 1 adulto",Casa,"2 camas
(1 sofá cama, 1 doble grande)",,No,No,Si,No,Casas_y_Chalet,No,No,No,No,No,No,No,No,No,No,No,No,No,No,No,No,No,No,No
98,San Diego Apt w/ Patio - 2 Mi to Zoo + Balboa,Agosto,18,20,San Diego,COP 1.318.080,"2 noches, 1 adulto",Casa,"2 camas
(1 sofá cama, 1 doble grande)",,No,No,Si,No,Apartamentos,No,No,No,No,No,No,No,No,No,No,No,No,No,No,No,No,No,No,No
99,Sonder — Jackwill Flats,Agosto,18,20,San Diego,COP 901.660,"2 noches, 1 adulto",Suite de 1 dormitorio,"2 camas
(1 sofá cama, 1 doble grande)",,No,No,No,No,Apartamentos,No,No,No,No,No,No,No,No,No,No,No,No,No,No,No,No,No,No,No
100,WanderJaunt - Mission Valley East Apts,Agosto,18,20,"Mission Valley, San Diego",COP 1.607.780,"2 noches, 1 adulto",Apartamento Estándar,"2 camas
(1 sofá cama, 1 doble grande)",,No,No,Si,No,Apartamentos,No,No,No,No,No,No,No,No,No,No,No,No,No,No,No,No,No,No,Si
101,Ranch style villa in huge back yard full of fruit trees,Agosto,18,20,El Cajón,COP 986.760,"2 noches, 1 adulto",Villa de 3 dormitorios,"5 camas
(1 individual, 4 dobles)",,No,No,Si,No,Villas,No,No,No,No,No,No,No,No,No,No,No,Si,No,No,No,No,No,No,No
102,Recently remodeled downstairs unit B,Agosto,18,20,El Cajón,COP 1.190.400,"2 noches, 1 adulto",Casa de 3 habitaciones,"5 camas
(2 individuales, 3 dobles)",,No,No,Si,No,Casas_y_Chalet,Si,No,No,No,No,No,No,No,No,No,No,Si,No,No,No,No,No,No,No
103,Comfortable 2 Bedroom 1 bathroom house,Agosto,18,20,San Diego,COP 934.260,"2 noches, 1 adulto",Casa,2 camas dobles grandes,"8,1",No,No,Si,No,Casas_y_Chalet,No,No,No,No,No,No,No,No,No,No,No,No,No,No,No,No,No,No,No
104,Holiday Inn Express San Diego South - National City,Agosto,18,20,National City,COP 825.260,"2 noches, 1 adulto",Habitación Executive con cama extragrande - No fumadores,"2 camas
(1 doble extragrande, 1 sofá cama)","8,5",No,No,No,No,,No,Si,No,No,No,No,No,No,No,No,No,No,No,No,No,No,No,No,No
105,"The Lafayette Hotel, Swim Club & Bungalows",Agosto,18,20,San Diego,COP 861.820,"2 noches, 1 adulto",Habitación Doble Estándar con 2 camas grandes,2 camas dobles grandes,"8,2",No,No,No,No,,No,No,No,No,No,No,No,No,No,No,No,No,No,Si,No,Si,No,No,Si
106,WanderJaunt - North Park Apartments,Agosto,18,20,San Diego,COP 1.745.380,"2 noches, 1 adulto",Apartamento de 2 dormitorios,"3 camas
(1 sofá cama, 2 dobles grandes)",,No,No,Si,No,Apartamentos,No,Si,No,No,No,No,No,No,No,No,No,No,No,No,No,No,No,No,No
107,WanderJaunt - Madeira - 2BR - Balboa Park,Agosto,18,20,San Diego,COP 1.622.260,"2 noches, 1 adulto",Casa de 2 dormitorios,"3 camas
(1 sofá cama, 2 dobles grandes)",,No,No,Si,No,Casas_y_Chalet,No,No,No,No,No,No,No,No,No,No,No,No,No,No,No,No,No,No,No
108,Attractive cute house Heart of San Diego private,Agosto,18,20,San Diego,COP 986.760,"2 noches, 1 adulto",Casa de 3 habitaciones,"5 camas
(2 sofás cama, 3 dobles grandes)",,No,No,Si,No,Casas_y_Chalet,No,No,No,No,No,No,No,No,No,No,No,No,No,No,No,No,No,No,No
109,TownePlace Suites by Marriott San Diego Central,Agosto,18,20,"Kearny Mesa, San Diego",COP 1.151.520,"2 noches, 1 adulto",Estudio con cama extragrande y sofá cama,1 cama doble extragrande,"8,9",No,No,Si,No,,No,No,No,No,No,No,No,No,No,No,No,Si,No,No,No,No,No,No,No
110,Courtyard San Diego Central,Agosto,18,20,"Kearny Mesa, San Diego",COP 1.296.360,"2 noches, 1 adulto",Habitación con 2 camas grandes,2 camas dobles grandes,"8,4",No,No,No,No,,No,Si,No,No,No,No,No,No,No,No,No,No,No,Si,No,No,No,No,Si
111,Homewood Suites by Hilton San Diego Mission Valley/Zoo,Agosto,18,20,"Mission Valley, San Diego",COP 1.441.200,"2 noches, 1 adulto",Suite Estudio (cama doble),"2 camas
(1 doble extragrande, 1 sofá cama)","8,7",No,No,No,No,,No,No,No,No,No,No,No,No,No,No,No,Si,No,No,No,No,No,No,Si
112,Quality Inn I-5 Naval Base,Agosto,18,20,San Diego,COP 775.640,"2 noches, 1 adulto",Habitación - 1 cama extragrande - No fumadores,1 cama doble extragrande,"7,5",No,No,No,No,,No,No,No,No,No,No,No,No,No,No,No,No,No,No,No,Si,No,No,Si
113,Sonder — The Millennium,Agosto,18,20,"Mission Valley, San Diego",COP 1.607.780,"2 noches, 1 adulto",Suite de 1 dormitorio,1 cama doble extragrande,"9,0",No,No,No,No,Apartamentos,No,No,No,No,No,No,No,No,No,No,No,No,No,No,No,No,No,No,Si
114,SD Stylish New Interior,Agosto,18,20,San Diego,COP 786.720,"2 noches, 1 adulto",Apartamento de 2 dormitorios,"4 camas
(1 individual, 3 dobles)","7,3",No,No,Si,No,Apartamentos,No,No,No,No,No,No,No,No,No,No,No,No,No,No,No,No,No,No,No
115,SD Classic Luxury 2/1 APT,Agosto,18,20,San Diego,COP 712.860,"2 noches, 1 adulto",Apartamento de 2 dormitorios,"3 camas
(1 individual, 2 dobles)",,No,No,No,No,Apartamentos,No,No,No,No,No,No,No,No,No,No,No,No,No,No,No,No,No,No,No
116,"Cali Complex, Unit 10, 5 mins from San Diego Zoo!",Agosto,18,20,San Diego,COP 1.701.920,"2 noches, 1 adulto",Apartamento,"3 camas
(1 doble, 2 dobles grandes)",,No,No,Si,No,Apartamentos,No,No,No,No,No,No,No,No,No,No,No,No,No,No,No,No,No,No,No
117,Awesome Mission Valley 2 bedrooms MC1,Agosto,18,20,"Mission Valley, San Diego",COP 2.431.460,"2 noches, 1 adulto",Apartamento de 2 dormitorios,"5 camas
(2 individuales, 1 doble extragrande, 2 sofás cama)","9,3",No,No,Si,No,Apartamentos,No,Si,No,No,No,No,No,No,No,No,No,No,No,No,No,No,No,No,Si
118,SD Premium Luxury 2/1 Apt,Agosto,18,20,San Diego,COP 786.720,"2 noches, 1 adulto",Apartamento de 2 dormitorios,"4 camas
(1 individual, 3 dobles)","9,0",No,No,Si,No,Apartamentos,No,No,No,No,No,No,No,No,No,No,No,No,No,No,No,No,No,No,No
119,SD POSH INTERIOR A+ VIEW,Agosto,18,20,San Diego,COP 786.720,"2 noches, 1 adulto",Apartamento de 2 dormitorios,"3 camas
(1 individual, 2 dobles)",,No,No,Si,No,Apartamentos,No,No,No,No,No,No,No,No,No,No,No,No,No,No,No,No,No,No,No
120,SD Fabulous New Interior,Agosto,18,20,San Diego,COP 786.720,"2 noches, 1 adulto",Apartamento de 2 dormitorios,"3 camas
(1 individual, 2 dobles)",,No,No,No,No,Apartamentos,No,No,No,No,No,No,No,No,No,No,No,No,No,No,No,No,No,No,No
121,Super Host Luxury 2/1 APT,Agosto,18,20,San Diego,COP 786.720,"2 noches, 1 adulto",Apartamento de 2 dormitorios,"4 camas
(1 individual, 3 dobles)",,No,No,Si,No,Apartamentos,No,No,No,No,No,No,No,No,No,No,No,No,No,No,No,No,No,No,No
122,The Market Cottage,Agosto,18,20,"Hillcrest, San Diego",COP 1.582.420,"2 noches, 1 adulto",Casa de 2 dormitorios,2 camas dobles grandes,"9,4",No,No,No,No,Casas_y_Chalet,No,No,No,No,No,No,No,No,No,No,No,No,No,No,No,No,No,No,No
123,SD Lavish 2/1 Best Area,Agosto,18,20,San Diego,COP 831.080,"2 noches, 1 adulto",Apartamento de 2 dormitorios,3 camas dobles,,No,No,No,No,Apartamentos,No,No,No,No,No,No,No,No,No,No,No,No,No,No,No,No,No,No,No
124,WanderJaunt - Stylish Mission Valley Apts,Agosto,18,20,"Mission Valley, San Diego",COP 2.245.080,"2 noches, 1 adulto",Apartamento,"3 camas
(1 sofá cama, 2 dobles grandes)",,No,No,Si,No,Apartamentos,No,No,No,No,No,No,No,No,No,No,No,No,No,No,No,No,No,No,Si
125,Getaway with Skyline View,Agosto,18,20,San Diego,COP 1.817.800,"2 noches, 1 adulto",Apartamento,1 cama doble grande,,No,No,No,No,Apartamentos,No,No,No,No,No,No,No,No,No,No,No,No,No,No,No,No,No,No,No
126,Holiday Inn Express - Downtown San Diego,Agosto,18,20,"Centro de San Diego, San Diego",COP 887.540,"2 noches, 1 adulto",Habitación Estándar,1 cama doble grande,"8,3",No,No,No,No,,Si,No,No,No,No,No,No,No,No,No,No,No,No,No,No,No,No,No,Si
127,TownePlace Suites by Marriott San Diego Downtown,Agosto,18,20,"Centro de San Diego, San Diego",COP 934.260,"2 noches, 1 adulto",Estudio con vistas a la ciudad - 1 cama grande,2 camas dobles grandes,"8,9",No,No,No,No,,No,No,No,No,No,No,No,No,No,No,No,Si,No,No,No,No,No,No,Si
128,Holiday Inn Express & Suites San Diego - Mission Valley,Agosto,18,20,"Mission Valley, San Diego",COP 818.740,"2 noches, 1 adulto",Habitación Leisure con cama extragrande - No fumadores,1 cama doble extragrande,"8,7",No,No,No,No,,No,Si,No,No,No,No,No,No,No,No,No,No,No,No,No,No,No,No,Si
129,Residence Inn by Marriott San Diego Central,Agosto,18,20,"Kearny Mesa, San Diego",COP 1.223.940,"2 noches, 1 adulto",Estudio Doble con balcón y sofá cama,"2 camas
(1 sofá cama, 1 doble grande)","8,5",No,No,No,No,,No,No,No,No,No,No,No,No,No,No,No,Si,No,No,No,No,No,No,No
130,Best Western Cabrillo Garden Inn,Agosto,18,20,"Centro de San Diego, San Diego",COP 1.911.940,"2 noches, 1 adulto",Habitación Doble Deluxe - 2 camas dobles,2 camas dobles,"8,2",No,No,No,No,,No,No,No,No,No,No,No,No,No,No,No,No,No,No,No,No,No,No,No
131,"Marriott Vacation Club Pulse, San Diego",Agosto,18,20,"Centro de San Diego, San Diego",COP 1.513.620,"2 noches, 1 adulto",Suite Superior con cama extragrande y sofá cama,"2 camas
(1 doble extragrande, 1 sofá cama)","9,2",No,No,No,No,,No,No,No,No,No,No,No,No,No,No,No,No,No,Si,No,No,No,No,No
132,Downtown San Diego Lodge,Agosto,18,20,"Centro de San Diego, San Diego",COP 470.760,"2 noches, 1 adulto",Habitación con cama grande,1 cama doble grande,"7,2",No,No,No,No,,No,No,No,No,No,No,No,No,No,No,No,Si,No,No,No,Si,No,No,No
133,Comfort Inn Chula Vista San Diego South,Agosto,18,20,Chula Vista,COP 934.260,"2 noches, 1 adulto",Habitación con 2 camas grandes - No fumadores,2 camas dobles grandes,"7,9",No,No,No,No,,No,Si,No,No,No,No,No,No,No,No,No,No,No,No,No,No,No,No,Si
134,Kasa San Diego Apartments,Agosto,18,20,"Centro de San Diego, San Diego",COP 849.520,"2 noches, 1 adulto",Apartamento de 2 dormitorios,"5 camas
(2 individuales, 1 doble extragrande, 2 sofás cama)","8,9",No,No,No,No,Apartamentos,No,No,No,No,No,No,No,No,No,No,No,No,No,No,No,No,No,No,No
135,Abpopa Hillcrest,Agosto,18,20,"Hillcrest, San Diego",COP 912.520,"2 noches, 1 adulto",Cabaña Familiar,"3 camas
(2 individuales, 1 doble grande)","8,6",No,No,No,No,,No,No,No,No,No,No,No,No,No,No,No,No,No,No,No,No,No,No,No
136,Inn at the Park,Agosto,18,20,San Diego,COP 1.297.080,"2 noches, 1 adulto",Estudio - 2 camas dobles,2 camas dobles grandes,"8,9",No,No,No,No,,No,No,No,No,No,No,No,No,No,No,No,No,No,No,No,No,No,No,No
137,Hillcrest House Bed & Breakfast,Agosto,18,20,"Hillcrest, San Diego",COP 1.208.000,"2 noches, 1 adulto",Habitación con cama grande,1 cama doble grande,"9,4",No,No,No,No,,No,No,No,No,No,No,No,No,No,No,No,Si,No,No,No,No,No,No,No
138,ITH Colive Balboa Park,Agosto,18,20,"Hillcrest, San Diego",COP 239.000,"2 noches, 1 adulto",Cama en habitación compartida mixta de 4 camas,1 litera,"8,0",No,No,No,No,,No,No,No,No,No,No,No,No,No,No,No,No,No,No,No,No,No,No,No
139,SD Sky-Line View Luxe Apt,Agosto,18,20,"Centro de San Diego, San Diego",COP 1.430.120,"2 noches, 1 adulto",Apartamento,"5 camas
(2 individuales, 2 dobles, 1 doble extragrande)","8,3",No,No,No,No,,No,No,No,No,No,No,No,No,No,No,No,No,No,No,No,No,No,No,No
140,SD Stylish Studio + Gym,Agosto,18,20,"Centro de San Diego, San Diego",COP 873.280,"2 noches, 1 adulto",Estudio Deluxe con cama grande,"2 camas
(1 individual, 1 doble grande)","8,7",No,No,No,No,Apartamentos,No,No,No,No,No,No,No,No,No,No,No,No,No,No,No,No,No,No,No
141,Superior Apartel Sleeps 4,Agosto,18,20,"Centro de San Diego, San Diego",COP 805.780,"2 noches, 1 adulto",Estudio Deluxe con cama grande,"3 camas
(2 individuales, 1 doble grande)","8,0",No,No,No,No,Apartamentos,No,No,No,No,No,No,No,No,No,No,No,No,No,No,No,No,No,No,No
142,SD Pristine Studio and Gym,Agosto,18,20,"Centro de San Diego, San Diego",COP 785.940,"2 noches, 1 adulto",Apartamento,"2 camas
(1 individual, 1 doble grande)","8,8",No,No,No,No,,No,No,No,No,No,No,No,No,No,No,No,No,No,No,No,No,No,No,No
143,Deluxe AparTel Sleeps 4,Agosto,18,20,"Centro de San Diego, San Diego",COP 805.780,"2 noches, 1 adulto",Estudio Deluxe con cama grande,"3 camas
(2 individuales, 1 doble grande)","7,7",No,No,No,No,,No,No,No,No,No,No,No,No,No,No,No,No,No,No,No,No,No,No,No
144,SD Plush Industrial Loft,Agosto,18,20,"Centro de San Diego, San Diego",COP 1.459.640,"2 noches, 1 adulto",Apartamento,"4 camas
(2 individuales, 2 dobles extragrandes)","8,5",No,No,No,No,Apartamentos,No,No,No,No,No,No,No,No,No,No,No,No,No,No,No,No,No,No,No
145,SD Premium Chic Studio,Agosto,18,20,"Centro de San Diego, San Diego",COP 877.480,"2 noches, 1 adulto",Estudio Deluxe con cama grande,"2 camas
(1 individual, 1 doble grande)","8,3",No,No,No,No,Apartamentos,No,No,No,No,No,No,No,No,No,No,No,No,No,No,No,No,No,No,No
146,SD Sunny Studio Sleeps 4,Agosto,18,20,"Centro de San Diego, San Diego",COP 873.280,"2 noches, 1 adulto",Estudio Deluxe con cama grande,"3 camas
(2 individuales, 1 doble grande)","9,6",No,No,No,No,Apartamentos,No,No,No,No,No,No,No,No,No,No,No,No,No,No,No,No,No,No,No
147,SD Clean & Cozy Sleeps 4,Agosto,18,20,"Centro de San Diego, San Diego",COP 886.420,"2 noches, 1 adulto",Estudio Deluxe con cama grande,"3 camas
(2 individuales, 1 doble grande)","8,0",No,No,No,No,Apartamentos,No,No,No,No,No,No,No,No,No,No,No,No,No,No,No,No,No,No,No
148,SD Sleek & Stylish Apt,Agosto,18,20,"Centro de San Diego, San Diego",COP 1.451.200,"2 noches, 1 adulto",Apartamento,3 camas dobles grandes,"8,6",No,No,No,No,Apartamentos,No,No,No,No,No,No,No,No,No,No,No,No,No,No,No,No,No,No,No
149,SD Platinum AparTel + Gym,Agosto,18,20,"Centro de San Diego, San Diego",COP 923.900,"2 noches, 1 adulto",Apartamento Estudio,"2 camas
(1 individual, 1 doble grande)","8,3",No,No,No,No,Apartamentos,No,No,No,No,No,No,No,No,No,No,No,No,No,No,No,No,No,No,No
