,name,Mes,Dia Inicio,Dia Final,location,price,price_for,room_type,beds,rating,Hoteles+otros,Albergues+Alojamientos_Compartidos,Apartamentos+casas,Originales+Aire_Libre,Tipo_de_Alojamiento,Senderismo,Bañera,Baño_al_Aire_libre,Baño_publico,Tours_a_pie,Ciclismo,Parque_acuatico,Equitación,Parking,Habitaciones_Familiares,Habitaciones_No_Fumadores,Admite_Mascotas,Wifi_gratis,Restaurantes,Piscina,Servicio_Habitaciones,Adaptado_Movilidad_reducida,Spa_Y Centro_Bienestar,Gimnasio
0,Finca Santa María,Agosto,14,16,La Mesa,COP 3.200.000,"2 noches, 1 adulto",Villa con piscina privada,"38 camas
(6 individuales, 32 literas)","9,6",Si,No,Si,No,Casas_Rurales,No,No,No,No,No,No,No,No,Si,Si,Si,Si,No,Si,Si,Si,No,No,No
1,Refugio Del Bosque Glamping,Agosto,14,16,La Mesa,COP 790.000,"2 noches, 1 adulto",Habitación Doble Deluxe con ducha,"3 camas
(2 individuales, 1 doble)","9,6",Si,Si,No,Si,Tented_camps,Si,No,No,No,Si,No,No,No,Si,Si,Si,Si,No,Si,No,No,Si,No,No
2,Gyrola Birding,Agosto,14,16,La Mesa,COP 798.000,"2 noches, 1 adulto",Habitación Doble - 2 camas,2 camas dobles,"9,4",Si,Si,No,No,Hoteles,No,Si,No,No,No,No,No,No,Si,No,Si,No,Si,Si,Si,Si,Si,Si,No
3,Hermosa y confortable Casa Campestre km 1.5 vía La Mesa-Anapoima.,Agosto,14,16,La Mesa,COP 120.000,"2 noches, 1 adulto",Casa de 3 habitaciones,9 camas individuales,"9,8",Si,No,Si,No,lodges,No,No,No,No,No,No,No,No,Si,Si,No,Si,Si,No,No,No,No,No,No
4,Finca Hotel Loma Linda,Agosto,14,16,La Mesa,COP 320.000,"2 noches, 1 adulto",Habitación Doble,1 cama doble,"7,9",Si,Si,No,No,Hoteles,Si,No,No,No,No,Si,No,No,Si,Si,No,Si,Si,Si,Si,No,No,No,No
5,Hotel Aguablanca,Agosto,14,16,La Mesa,COP 156.000,"2 noches, 1 adulto",Villa,"5 camas
(4 individuales, 1 doble)","8,6",Si,Si,Si,No,Hoteles,Si,No,No,No,No,Si,No,No,Si,Si,Si,Si,Si,Si,Si,Si,No,No,No
6,Kau Hotel,Agosto,14,16,La Mesa,COP 562.100,"2 noches, 1 adulto",Habitación Triple Estándar,"2 camas
(1 individual, 1 doble)","9,5",Si,Si,No,No,Hoteles,Si,Si,No,No,Si,Si,No,No,Si,Si,Si,No,Si,Si,No,Si,No,No,No
7,Finca Las Marías,Agosto,14,16,La Mesa,COP 700.000,"2 noches, 1 adulto",Villa,"6 camas
(4 individuales, 1 doble, 1 doble grande)","8,6",Si,No,Si,No,Casas_y_Chalet,No,No,No,No,No,Si,No,No,Si,Si,Si,Si,No,No,Si,No,No,No,No
8,"Finca campestre con Piscina a 90 min de Bogota, en La Mesa-Casona y Casita",Agosto,14,16,La Mesa,COP 596.000,"2 noches, 1 adulto",Casa de 1 dormitorio,"4 camas
(1 individual, 3 dobles)","9,1",Si,No,Si,Si,Agroturismo,Si,No,No,Si,No,No,No,No,Si,Si,Si,Si,No,No,Si,No,Si,No,No
9,Hotel Toscana,Agosto,14,16,La Mesa,COP 355.620,"2 noches, 1 adulto",Habitación Doble Estándar con vistas a la montaña - 2 camas,2 camas dobles,,Si,Si,No,No,resorts,No,Si,No,No,No,No,No,No,Si,Si,No,No,Si,Si,Si,Si,No,Si,Si
10,Finca Villa María,Agosto,14,16,La Mesa,COP 96.000,"2 noches, 1 adulto",Casa Unifamiliar de 3 dormitorios,"3 camas
(1 individual, 2 dobles)","8,8",Si,No,Si,No,Casas_Rurales,No,No,No,No,No,No,No,No,Si,Si,Si,No,No,No,No,No,No,No,No
11,Apartamento el Shaddai,Agosto,14,16,La Mesa,COP 480.000,"2 noches, 1 adulto",Apartamento de 3 dormitorios,"7 camas
(5 dobles, 2 sofás cama)",,Si,No,Si,No,Apartamentos,No,Si,No,No,No,No,No,No,Si,Si,Si,Si,No,No,Si,No,No,No,No
12,Rancho texas,Agosto,14,16,La Mesa,COP 640.000,"2 noches, 1 adulto",Casa Unifamiliar de 2 dormitorios,2 camas dobles,,Si,No,Si,No,Casas_y_Chalet,No,No,No,No,No,No,No,No,Si,No,No,Si,Si,No,No,No,No,No,No
13,Fruit Palace Hostel,Agosto,14,16,La Mesa,COP 90.000,"2 noches, 1 adulto",Habitación Compartida Mixta,3 camas individuales,"9,0",Si,Si,No,No,,Si,No,No,Si,Si,Si,No,No,Si,No,No,Si,No,Si,No,No,No,No,No
14,Finca Hotel Villa Cristina,Agosto,14,16,La Mesa,COP 320.000,"2 noches, 1 adulto",Habitación Doble,1 cama doble,"7,6",Si,Si,No,No,Hoteles,Si,No,No,Si,No,Si,No,No,Si,Si,Si,No,Si,Si,Si,No,Si,No,No
15,Finca Vacacional para Grupos en Anapoima,Agosto,14,16,La Mesa,COP 1.440.000,"2 noches, 1 adulto",Apartamento,"8 camas
(4 individuales, 1 doble, 3 literas)",,Si,No,Si,No,Apartamentos,No,No,No,No,No,No,No,No,No,Si,Si,Si,No,No,Si,No,No,No,No
16,Hotel Tropico Real Mesitas,Agosto,14,16,El Colegio,COP 290.000,"2 noches, 1 adulto",Habitación Doble con balcón,1 cama doble,"8,8",Si,Si,No,No,Hoteles,No,No,No,No,No,No,No,No,Si,Si,No,No,Si,No,Si,No,No,No,No
17,Alojamiento Rural Gran Chaparral,Agosto,14,16,El Colegio,COP 200.000,"2 noches, 1 adulto",Casa de 1 dormitorio,1 cama doble,"8,5",Si,No,Si,No,Hoteles,No,No,No,Si,No,No,No,No,Si,Si,Si,Si,Si,Si,Si,No,No,No,No
18,Areca Leisure Centre,Agosto,14,16,Anapoima,COP 1.380.000,"2 noches, 1 adulto",Casa,"8 camas
(1 doble, 2 dobles extragrandes, 3 literas, 2 sofás cama)","9,3",Si,No,Si,No,Chalets_Montaña,Si,No,No,No,No,Si,No,No,Si,Si,Si,Si,Si,No,Si,Si,Si,No,Si
19,Econilonatural,Agosto,14,16,Anapoima,COP 325.800,"2 noches, 1 adulto",Habitación Doble con balcón,1 cama doble grande,"7,7",Si,Si,Si,No,Hoteles,Si,Si,No,No,No,Si,No,No,Si,Si,No,No,No,Si,Si,No,No,No,No
20,Finca Las Orquideas,Agosto,14,16,La Horqueta,COP 1.600.000,"2 noches, 1 adulto",Casa de 4 dormitorios,"11 camas
(5 dobles, 6 literas)",,Si,No,Si,No,Casas_y_Chalet,Si,No,No,No,No,No,No,No,Si,Si,No,No,No,No,Si,No,Si,No,No
21,Casa Anapoima Kubik Aqua,Agosto,14,16,Anapoima,COP 3.000.000,"2 noches, 1 adulto",Casa,"10 camas
(7 individuales, 3 dobles extragrandes)","9,9",Si,No,Si,No,Casas_y_Chalet,Si,Si,No,Si,No,Si,No,No,Si,Si,Si,Si,No,No,Si,No,No,No,No
22,Hotel Mulato,Agosto,14,16,El Colegio,COP 280.000,"2 noches, 1 adulto",Habitación Doble Estándar,1 cama doble,"9,2",Si,Si,No,No,Hoteles,No,Si,No,No,No,No,No,No,Si,Si,Si,Si,Si,Si,No,No,No,No,Si
23,La Toscana Campestre,Agosto,14,16,Viotá,COP 300.000,"2 noches, 1 adulto",Chalet,2 camas individuales,"8,0",Si,Si,Si,No,Chalets_Montaña,Si,No,No,No,No,No,No,No,Si,Si,No,Si,No,No,Si,No,No,No,No
24,La Palma y El Tucan Hotel,Agosto,14,16,Zipacón,COP 890.000,"2 noches, 1 adulto",Habitación Individual con vistas al jardín,1 cama individual,"9,6",Si,Si,Si,No,Hoteles,Si,Si,No,No,Si,No,No,No,Si,Si,Si,No,Si,Si,No,Si,No,No,No
25,Finca Hacienda Caracolí,Agosto,14,16,Facatativá,COP 1.100.000,"2 noches, 1 adulto",Villa,"12 camas
(6 individuales, 5 dobles, 1 doble grande)",,No,No,Si,No,Casas_Rurales,Si,Si,No,No,Si,Si,No,No,Si,Si,No,Si,Si,No,No,Si,No,Si,No
26,El Cielo Glamping,Agosto,14,16,Tena,COP 394.400,"2 noches, 1 adulto",Tienda,1 cama doble,"9,7",No,No,Si,Si,Tented_camps,Si,No,No,Si,No,Si,No,No,Si,Si,No,Si,No,Si,No,Si,No,No,No
27,Hualcala,Agosto,14,16,La Gran Via,COP 160.000,"2 noches, 1 adulto",Casa de 1 dormitorio,1 cama doble,"9,0",No,No,Si,No,Casas_y_Chalet,No,No,No,Si,No,No,No,No,Si,Si,Si,No,Si,No,Si,Si,No,No,No
28,Terrazas De Baltimoores,Agosto,14,16,San Joaquín,COP 380.000,"2 noches, 1 adulto",Habitación Doble con cama supletoria,1 cama doble grande,,No,Si,No,No,lodges,No,No,No,Si,No,No,No,No,Si,Si,Si,No,Si,Si,Si,No,No,No,No
29,Gran Hotel Los Ángeles,Agosto,14,16,El Colegio,COP 160.000,"2 noches, 1 adulto",Habitación Individual Deluxe,1 cama individual,"9,3",No,Si,No,No,Hoteles,No,No,No,Si,No,No,No,No,Si,Si,Si,No,Si,No,Si,Si,No,No,No
30,Hotel Acuarios Spa,Agosto,14,16,El Colegio,COP 200.000,"2 noches, 1 adulto",Habitación Doble,1 cama doble,"8,2",No,Si,No,No,Hoteles,No,Si,No,Si,No,No,No,No,Si,Si,Si,Si,Si,Si,No,Si,No,No,No
31,Finca campestre en Mesitas,Agosto,14,16,El Colegio,COP 1.080.000,"2 noches, 1 adulto",Casa de 4 dormitorios,"15 camas
(9 individuales, 5 dobles, 1 sofá cama)","9,0",No,No,Si,No,Casas_Rurales,No,No,No,No,No,No,No,No,Si,Si,Si,Si,Si,No,Si,No,Si,No,No
32,Hotel Bochica Inter,Agosto,14,16,El Colegio,COP 598.000,"2 noches, 1 adulto",Habitación Familiar,"5 camas
(4 individuales, 1 doble)","7,6",No,Si,No,No,Hoteles,No,No,No,No,No,No,No,No,Si,Si,No,No,Si,Si,Si,Si,Si,No,No
33,Montecito Casa Rural,Agosto,14,16,San Antonio,COP 136.800,"2 noches, 1 adulto",Habitación Doble con vistas a la piscina,1 cama doble,,No,Si,No,No,Casas_Rurales,Si,No,No,No,Si,No,No,No,Si,Si,Si,Si,No,No,Si,No,No,No,No
34,Casa de Descanso,Agosto,14,16,Anapoima,COP 1.398.000,"2 noches, 1 adulto",Casa de 3 habitaciones,"5 camas
(2 individuales, 3 dobles)",,No,No,Si,No,Casas_y_Chalet,No,No,No,No,No,No,No,No,No,No,No,Si,No,No,Si,No,No,No,No
35,Glamping Palo de Agua,Agosto,14,16,Anapoima,COP 540.000,"2 noches, 1 adulto",Tienda,1 cama doble grande,,No,No,Si,Si,Tented_camps,No,No,No,No,No,No,No,No,Si,No,Si,No,No,No,No,No,No,No,No
36,finca las margaritas,Agosto,14,16,Tena,COP 200.000,"2 noches, 1 adulto",Habitación Familiar con baño privado,2 camas dobles,,No,Si,No,No,Casas_Rurales,No,No,No,No,No,No,No,No,Si,Si,No,Si,No,No,No,No,No,No,No
37,Villa San Francisco,Agosto,14,16,San Antonio del Tequendama,COP 380.000,"2 noches, 1 adulto",Habitación Familiar,"4 camas
(3 individuales, 1 doble)","6,8",No,Si,No,No,Hoteles,Si,No,No,Si,No,No,No,No,Si,Si,Si,No,No,Si,Si,No,No,No,No
38,Cabaña cafetera mesitas,Agosto,14,16,La Rambla,COP 496.000,"2 noches, 1 adulto",Chalet de 1 dormitorio,1 cama doble,,No,Si,Si,No,Chalets_Montaña,No,No,No,No,No,No,No,No,No,No,No,No,No,No,No,No,No,No,No
39,Hotel Real Anapoima,Agosto,14,16,Anapoima,COP 140.000,"2 noches, 1 adulto",Habitación Individual Económica,1 cama individual,,No,Si,No,No,Hoteles,No,Si,No,No,No,No,No,No,No,Si,Si,No,Si,No,Si,No,No,No,No
40,La Flora,Agosto,14,16,La Horqueta,COP 976.760,"2 noches, 1 adulto",Casa de 6 dormitorios,"11 camas
(9 individuales, 2 dobles)","8,1",No,No,Si,No,Casas_y_Chalet,Si,No,No,No,No,Si,No,No,Si,No,No,Si,No,No,Si,No,No,No,No
41,Finca Vacacional Para Familias y/o Grupos En Anapoima,Agosto,14,16,Anapoima,COP 1.511.800,"2 noches, 1 adulto",Chalet,"8 camas
(4 individuales, 1 doble, 3 literas)",,No,Si,Si,No,Chalets_Montaña,No,No,No,No,No,No,No,No,Si,No,No,Si,No,No,Si,No,No,No,No
42,VillaLoren,Agosto,14,16,San Antonio del Tequendama,COP 180.000,"2 noches, 1 adulto",Habitación Doble con balcón,1 cama doble grande,"8,4",No,Si,No,No,Hoteles,Si,Si,No,Si,Si,No,No,No,Si,Si,Si,No,Si,Si,Si,Si,No,No,No
43,FINCA LUNADAR ANAPOIMA,Agosto,14,16,Anapoima,COP 1.800.000,"2 noches, 1 adulto",Casa de 4 dormitorios,7 camas dobles,"9,8",No,No,No,No,Casas_y_Chalet,No,Si,No,No,No,No,No,No,Si,Si,Si,Si,No,No,Si,No,No,No,No
44,Hotel Zafiro Real,Agosto,14,16,Anapoima,COP 130.200,"2 noches, 1 adulto",Habitación Cuádruple Confort,"3 camas
(2 individuales, 1 doble)","6,9",No,Si,No,No,Hoteles,No,No,No,No,No,No,No,No,No,Si,Si,No,Si,Si,No,Si,Si,No,No
45,Siete Sentidos Eco Finca Hotel,Agosto,14,16,Anapoima,COP 2.340.000,"2 noches, 1 adulto",Casa de 8 dormitorios,"25 camas
(10 dobles, 15 literas)","8,7",No,No,No,No,Casas_y_Chalet,Si,No,No,Si,Si,No,No,No,Si,Si,Si,Si,No,No,Si,Si,Si,No,No
46,PALO VERDE,Agosto,14,16,Anapoima,COP 3.600.000,"2 noches, 1 adulto",Casa de 6 dormitorios,"13 camas
(9 individuales, 1 doble, 3 literas)",,No,No,No,No,Casas_y_Chalet,No,No,No,No,No,No,No,No,No,No,No,No,No,No,Si,No,No,No,No
47,Hotel Anapoima 1,Agosto,14,16,Anapoima,COP 500.000,"2 noches, 1 adulto",Habitación Deluxe,1 cama doble grande,"9,0",No,No,No,No,Hoteles,No,Si,No,Si,No,Si,No,No,Si,Si,Si,No,Si,Si,Si,Si,Si,Si,Si
48,Campestre Mango Biche,Agosto,14,16,Anapoima,COP 570.000,"2 noches, 1 adulto",Habitación Doble Estándar con ventilador,1 cama doble,"7,4",No,No,No,No,Hoteles,No,No,No,No,No,No,No,No,Si,No,Si,Si,Si,Si,Si,No,No,No,Si
49,conjunto cerrado tamarindo anapoima,Agosto,14,16,Anapoima,COP 1.000.000,"2 noches, 1 adulto",Apartamento,"8 camas
(6 individuales, 1 doble, 1 doble grande)",,No,No,No,No,Apartamentos,No,No,No,Si,No,No,No,No,Si,Si,Si,Si,No,No,Si,No,No,No,No
50,AVISTAMIENTO DE AVES EL NIDO,Agosto,14,16,Cachipay,COP 156.000,"2 noches, 1 adulto",Habitación Triple Clásica,3 camas individuales,,No,No,No,Si,Agroturismo,No,No,No,Si,Si,No,No,No,Si,Si,Si,No,No,No,No,No,No,No,No
51,Apartamento San Pablo Anapoima,Agosto,14,16,Anapoima,COP 560.000,"2 noches, 1 adulto",Apartamento de 2 dormitorios,"5 camas
(2 individuales, 1 doble, 1 litera, 1 sofá cama)",,No,No,No,No,Apartamentos,No,No,No,No,No,No,No,No,Si,No,No,No,No,No,Si,No,No,No,No
52,Alojamiento rural Villa Anita,Agosto,14,16,Anolaima,COP 70.000,"2 noches, 1 adulto",Habitación Individual,1 cama individual,"8,5",No,No,No,No,Casas_Rurales,Si,No,No,Si,Si,No,No,No,Si,Si,Si,Si,No,Si,No,No,Si,No,No
53,AUTODIMAS,Agosto,14,16,Anolaima,COP 60.000,"2 noches, 1 adulto",Habitación Doble - 2 camas dobles,2 camas individuales,"8,9",No,No,No,No,Hostales_pensiones,No,No,No,No,Si,Si,No,No,Si,Si,No,Si,No,No,No,Si,No,No,No
54,Glampling anolaima,Agosto,14,16,Anolaima,COP 340.000,"2 noches, 1 adulto",Habitación Individual,1 cama individual,,No,No,No,Si,Camping,No,No,No,No,No,No,No,No,Si,Si,No,No,Si,No,No,No,No,No,No
55,SAINT CLEAR - Centro Turístico y Vacacional de Anolaima,Agosto,14,16,Anolaima,COP 90.000,"2 noches, 1 adulto",Habitación con vistas a la piscina - 1 cama grande,1 cama doble,,No,No,No,No,Hoteles,Si,No,No,Si,Si,No,No,No,Si,Si,Si,Si,No,Si,Si,Si,Si,No,No
56,GLAMPING CELESTE,Agosto,14,16,Anapoima,COP 790.000,"2 noches, 1 adulto",Tienda,2 camas dobles,,No,No,No,Si,Camping,No,No,No,No,No,No,No,No,No,No,No,Si,No,No,Si,No,No,No,No
57,VILLA DE LOS ANGELES GLAMPING,Agosto,14,16,Anolaima,COP 372.000,"2 noches, 1 adulto",Habitación Doble Deluxe con balcón,1 cama doble grande,"9,1",No,No,No,Si,Camping,No,Si,No,No,No,No,No,No,No,Si,No,Si,No,No,No,No,No,No,No
58,Hospedería Sativa,Agosto,14,16,Granada,COP 134.400,"2 noches, 1 adulto",Habitación Doble con baño privado,1 cama individual,"8,8",No,No,No,No,lodges,No,Si,No,No,Si,No,No,No,No,Si,Si,Si,Si,No,No,No,No,No,No
59,Club campestre el Peñón de Apulo,Agosto,14,16,Apulo,COP 160.000,"2 noches, 1 adulto",Habitación Familiar,"4 camas
(1 individual, 1 doble, 2 literas)","8,7",No,No,No,No,Hoteles,Si,Si,No,Si,No,No,No,No,No,Si,No,Si,Si,Si,Si,No,Si,No,No
60,Los Olivos Vereda Pueblo Viejo Zipacon,Agosto,14,16,Zipacón,COP 120.000,"2 noches, 1 adulto",Habitación Familiar,2 camas dobles,,No,No,No,No,Hostales_pensiones,Si,No,No,No,Si,No,No,No,No,Si,No,No,No,No,No,No,No,Si,No
61,Casa campestre el rocío,Agosto,14,16,Silvania,COP 60.000,"2 noches, 1 adulto",Casa de 2 dormitorios,8 camas dobles grandes,,No,No,No,No,Casas_y_Chalet,No,Si,No,No,No,No,No,No,No,Si,Si,No,No,No,No,No,No,No,No
62,Hotel villa Aracely,Agosto,14,16,San Francisco,COP 120.000,"2 noches, 1 adulto",Habitación Doble - 1 o 2 camas,1 cama individual,,No,No,No,No,Hoteles,No,No,No,No,No,No,No,No,No,No,No,No,Si,Si,No,Si,No,No,No
63,Hotel Colombia - Apulo,Agosto,14,16,Apulo,COP 152.000,"2 noches, 1 adulto",Habitación Doble Deluxe con balcón,1 cama doble,,No,No,No,No,Hoteles,No,No,No,No,No,No,No,No,No,No,No,Si,No,No,Si,Si,No,No,No
64,El Patio Hostal,Agosto,14,16,El Charquito,COP 200.000,"2 noches, 1 adulto",Habitación Familiar con baño privado,3 camas dobles,,No,No,No,No,Hostales_pensiones,No,No,No,No,No,No,No,No,No,No,No,Si,No,No,No,No,No,No,No
65,Mi Cali bella,Agosto,14,16,El Charquito,COP 120.000,"2 noches, 1 adulto",Habitación Deluxe - 1 cama grande,1 cama individual,,No,No,No,Si,Habitaciones_en_Casas,No,No,No,No,No,No,No,No,No,No,No,Si,No,No,No,No,No,No,No
66,Edificio Anabel,Agosto,14,16,Bogotá,COP 160.000,"2 noches, 1 adulto",Habitación Doble con cama supletoria - 1 o 2 camas,"2 camas
(1 individual, 1 doble)",,No,No,No,Si,Habitaciones_en_Casas,No,No,No,No,No,No,No,No,No,No,No,No,Si,No,No,No,No,No,No
67,Tierra Linda,Agosto,14,16,El Charquito,COP 1.000.000,"2 noches, 1 adulto",Casa,"5 camas
(2 dobles, 1 doble extragrande, 2 sofás cama)","9,3",No,No,No,No,Casas_y_Chalet,No,No,No,Si,No,No,No,No,No,No,Si,No,No,No,Si,No,Si,No,No
68,Finca Ecoturistica Villa ruth,Agosto,14,16,Apulo,COP 1.683.000,"2 noches, 1 adulto",Chalet,"13 camas
(6 individuales, 5 dobles, 2 literas)",,No,No,No,No,Chalets_Montaña,No,No,No,No,No,No,No,No,No,No,No,Si,No,No,Si,No,No,No,No
69,Hotel Refugio de Montaña,Agosto,14,16,Facatativá,COP 260.000,"2 noches, 1 adulto",Suite Junior Deluxe,1 cama doble,"9,6",No,No,No,No,Hoteles,Si,Si,No,No,Si,No,No,No,No,No,Si,No,Si,Si,No,Si,No,Si,No
70,Cabaña acogedora frente al lago,Agosto,14,16,Viotá,COP 350.000,"2 noches, 1 adulto",Casa de 1 dormitorio,"4 camas
(3 individuales, 1 doble)",,No,No,No,No,Casas_y_Chalet,No,No,No,No,No,No,No,No,No,No,No,Si,No,No,Si,No,No,No,No
71,Hotel Viota Plaza,Agosto,14,16,Viotá,COP 140.000,"2 noches, 1 adulto",Habitación Individual con baño privado,1 cama individual,"7,1",No,No,No,No,Hoteles,No,Si,No,Si,Si,No,No,No,No,No,Si,No,Si,No,Si,Si,No,No,No
72,Villa Falian pesca deportiva,Agosto,14,16,Viotá,COP 640.000,"2 noches, 1 adulto",Villa de 2 dormitorios,"5 camas
(1 individual, 2 dobles, 1 litera, 1 sofá cama)",,No,No,No,No,Villas,Si,No,No,Si,Si,Si,No,No,No,No,Si,Si,No,Si,Si,No,Si,No,No
73,Monteclaro Facatativa,Agosto,14,16,Facatativá,COP 203.200,"2 noches, 1 adulto",Apartamento de 2 dormitorios,"3 camas
(2 individuales, 1 doble)","9,4",No,No,No,No,Apartamentos,No,No,No,No,No,No,No,No,No,No,No,Si,Si,No,No,No,No,No,No
74,Maravilloso Apartamento Girardot Ricaurte con vista Panorámica,Agosto,14,16,Ricaurte,COP 420.000,"2 noches, 1 adulto",Apartamento,"5 camas
(3 individuales, 1 doble, 1 sofá cama)",,No,No,No,No,Apartamentos,Si,No,No,Si,No,No,No,No,No,No,No,No,No,No,No,No,Si,No,Si
75,"Casa Alcaparro, Centro de Madrid, Cundinamarca, Colombia",Agosto,14,16,La Pincha,COP 180.000,"2 noches, 1 adulto",Apartamento de 2 dormitorios,"2 camas
(1 individual, 1 doble)",,No,No,No,No,Apartamentos,No,No,No,No,No,No,No,No,No,No,No,No,No,No,No,No,No,No,No
76,"Eco - Hostel, Coffee Farm - CAFE JAGUAR",Agosto,14,16,Silvania,COP 70.000,"2 noches, 1 adulto",Litera en habitación compartida mixta,1 cama individual,"9,4",No,No,No,No,,Si,No,No,Si,Si,No,No,No,No,No,No,Si,Si,No,No,No,No,No,No
