,name,Mes,Dia Inicio,Dia Final,location,price,price_for,room_type,beds,rating,Hoteles+otros,Albergues+Alojamientos_Compartidos,Apartamentos+casas,Originales+Aire_Libre,Tipo_de_Alojamiento,Senderismo,Bañera,Baño_al_Aire_libre,Baño_publico,Tours_a_pie,Ciclismo,Parque_acuatico,Equitación,Parking,Habitaciones_Familiares,Habitaciones_No_Fumadores,Admite_Mascotas,Wifi_gratis,Restaurantes,Piscina,Servicio_Habitaciones,Adaptado_Movilidad_reducida,Spa_Y Centro_Bienestar,Gimnasio
0,Refugio Del Bosque Glamping,,,,La Mesa Mostrar en el mapa,COP 790.000,"2 noches, 1 adulto",Habitación Doble Deluxe con ducha,"3 camas
(2 individuales, 1 doble)","9,6",,,,,,,,,,,,,,,,,,,,,,,,
1,Finca Las Marías,,,,La Mesa Mostrar en el mapa,COP 700.000,"2 noches, 1 adulto",Villa,"6 camas
(4 individuales, 1 doble, 1 doble grande)","8,6",,,,,,,,,,,,,,,,,,,,,,,,
2,Hotel Aguablanca,,,,La Mesa Mostrar en el mapa,COP 156.000,"2 noches, 1 adulto",Villa,"5 camas
(4 individuales, 1 doble)","8,6",,,,,,,,,,,,,,,,,,,,,,,,
3,Finca Santa María,,,,La Mesa Mostrar en el mapa,COP 3.200.000,"2 noches, 1 adulto",Villa con piscina privada,"38 camas
(6 individuales, 32 literas)","9,6",,,,,,,,,,,,,,,,,,,,,,,,
4,"Finca campestre con Piscina a 90 min de Bogota, en La Mesa-Casona y Casita",,,,La Mesa Mostrar en el mapa,COP 350.000,"2 noches, 1 adulto",Casa de 1 dormitorio,"4 camas
(1 individual, 3 dobles)","9,1",,,,,,,,,,,,,,,,,,,,,,,,
5,Finca Villa María,,,,La Mesa Mostrar en el mapa,COP 96.000,"2 noches, 1 adulto",Casa Unifamiliar de 3 dormitorios,"3 camas
(1 individual, 2 dobles)","8,8",,,,,,,,,,,,,,,,,,,,,,,,
6,Hermosa y confortable Casa Campestre km 1.5 vía La Mesa-Anapoima.,,,,La Mesa Mostrar en el mapa,COP 120.000,"2 noches, 1 adulto",Casa de 3 habitaciones,9 camas individuales,"9,8",,,,,,,,,,,,,,,,,,,,,,,,
7,Hotel Toscana,,,,La Mesa Mostrar en el mapa,COP 299.160,"2 noches, 1 adulto",Habitación Doble Deluxe con balcón - 1 o 2 camas,1 cama doble grande,,,,,,,,,,,,,,,,,,,,,,,,,
8,APARTAHOTEL TAYAMBE,,,,La Mesa Mostrar en el mapa,COP 180.000,"2 noches, 1 adulto",Habitación Doble,1 cama doble grande,"9,4",,,,,,,,,,,,,,,,,,,,,,,,
9,Rancho texas,,,,La Mesa Mostrar en el mapa,COP 640.000,"2 noches, 1 adulto",Casa Unifamiliar de 2 dormitorios,2 camas dobles,,,,,,,,,,,,,,,,,,,,,,,,,
10,Hotel Tropico Real Mesitas,,,,El Colegio Mostrar en el mapa,COP 270.000,"2 noches, 1 adulto",Habitación Doble con balcón,1 cama doble,"8,8",,,,,,,,,,,,,,,,,,,,,,,,
11,finca el prado,,,,Anapoima Mostrar en el mapa,COP 1.700.000,"2 noches, 1 adulto",Casa de 1 dormitorio,"11 camas
(7 individuales, 2 dobles, 1 sofá cama, 1 doble grande)",,,,,,,,,,,,,,,,,,,,,,,,,
12,El Cielo Glamping,,,,Tena Mostrar en el mapa,COP 464.000,"2 noches, 1 adulto",Tienda,1 cama doble,"9,7",,,,,,,,,,,,,,,,,,,,,,,,
13,Hualcala,,,,La Gran Via Mostrar en el mapa,COP 160.000,"2 noches, 1 adulto",Casa de 1 dormitorio,1 cama doble,"9,1",,,,,,,,,,,,,,,,,,,,,,,,
14,Terrazas De Baltimoores,,,,San Joaquín Mostrar en el mapa,COP 380.000,"2 noches, 1 adulto",Habitación Doble con cama supletoria,1 cama doble grande,,,,,,,,,,,,,,,,,,,,,,,,,
15,Hotel Acuarios Spa,,,,El Colegio Mostrar en el mapa,COP 110.000,"2 noches, 1 adulto",Habitación Doble,1 cama individual,"8,2",,,,,,,,,,,,,,,,,,,,,,,,
16,Finca campestre en Mesitas,,,,El Colegio Mostrar en el mapa,COP 40.000,"2 noches, 1 adulto",Casa de 4 dormitorios,"15 camas
(9 individuales, 5 dobles, 1 sofá cama)","9,0",,,,,,,,,,,,,,,,,,,,,,,,
17,Casa vacaciones o fines de semana en Anapoima,,,,Anapoima Mostrar en el mapa,COP 100.000,"2 noches, 1 adulto",Habitación Doble Deluxe con balcón,1 cama doble,"7,0",,,,,,,,,,,,,,,,,,,,,,,,
18,Hotel Real Anapoima,,,,Anapoima Mostrar en el mapa,COP 140.000,"2 noches, 1 adulto",Habitación Individual Económica,1 cama individual,,,,,,,,,,,,,,,,,,,,,,,,,
19,finca las margaritas,,,,Tena Mostrar en el mapa,COP 200.000,"2 noches, 1 adulto",Habitación Familiar con baño privado,2 camas dobles,,,,,,,,,,,,,,,,,,,,,,,,,
20,Glamping Palo de Agua,,,,Anapoima Mostrar en el mapa,COP 540.000,"2 noches, 1 adulto",Tienda,1 cama doble grande,,,,,,,,,,,,,,,,,,,,,,,,,
21,La Flora,,,,La Horqueta Mostrar en el mapa,COP 976.760,"2 noches, 1 adulto",Casa de 6 dormitorios,"11 camas
(9 individuales, 2 dobles)","8,1",,,,,,,,,,,,,,,,,,,,,,,,
22,Finca Vacacional Para Familias y/o Grupos En Anapoima,,,,Anapoima Mostrar en el mapa,COP 1.511.800,"2 noches, 1 adulto",Chalet,"8 camas
(4 individuales, 1 doble, 3 literas)",,,,,,,,,,,,,,,,,,,,,,,,,
23,FINCA LUNADAR ANAPOIMA,,,,Anapoima Mostrar en el mapa,COP 2.000.000,"2 noches, 1 adulto",Casa de 4 dormitorios,7 camas dobles,"9,8",,,,,,,,,,,,,,,,,,,,,,,,
24,My green house,,,,San Antonio Mostrar en el mapa,COP 1.800.000,"2 noches, 1 adulto",Villa de 2 dormitorios,"7 camas
(2 individuales, 1 doble, 2 sofás cama, 2 futones)",,,,,,,,,,,,,,,,,,,,,,,,,
25,Siete Sentidos Eco Finca Hotel,,,,Anapoima Mostrar en el mapa,COP 1.980.000,"2 noches, 1 adulto",Casa de 8 dormitorios,"25 camas
(10 dobles, 15 literas)","8,7",,,,,,,,,,,,,,,,,,,,,,,,
26,PALO VERDE,,,,Anapoima Mostrar en el mapa,COP 3.600.000,"2 noches, 1 adulto",Casa de 6 dormitorios,"13 camas
(9 individuales, 1 doble, 3 literas)",,,,,,,,,,,,,,,,,,,,,,,,,
27,Apartamento San Pablo Anapoima,,,,Anapoima Mostrar en el mapa,COP 560.000,"2 noches, 1 adulto",Apartamento de 2 dormitorios,"5 camas
(2 individuales, 1 doble, 1 litera, 1 sofá cama)",,,,,,,,,,,,,,,,,,,,,,,,,
28,SAINT CLEAR - Centro Turístico y Vacacional de Anolaima,,,,Anolaima Mostrar en el mapa,COP 70.000,"2 noches, 1 adulto",Habitación con vistas a la piscina - 1 cama grande,1 cama doble,,,,,,,,,,,,,,,,,,,,,,,,,
29,Glampling anolaima,,,,Anolaima Mostrar en el mapa,COP 340.000,"2 noches, 1 adulto",Habitación Individual,1 cama individual,,,,,,,,,,,,,,,,,,,,,,,,,
30,GLAMPING CELESTE,,,,Anapoima Mostrar en el mapa,COP 790.000,"2 noches, 1 adulto",Tienda,2 camas dobles,,,,,,,,,,,,,,,,,,,,,,,,,
31,Finca de 4 cuartos y jardines by Emerge Rentals,,,,La Selva Mostrar en el mapa,COP 523.840,"2 noches, 1 adulto",Casa,"7 camas
(2 individuales, 5 dobles)",,,,,,,,,,,,,,,,,,,,,,,,,
32,TaraHara,,,,Cundinamarca Mostrar en el mapa,COP 180.000,"2 noches, 1 adulto",Habitación Doble Estándar con baño compartido,1 cama doble,,,,,,,,,,,,,,,,,,,,,,,,,
33,Casa campestre el rocío,,,,Silvania Mostrar en el mapa,COP 60.000,"2 noches, 1 adulto",Casa de 2 dormitorios,8 camas dobles grandes,,,,,,,,,,,,,,,,,,,,,,,,,
34,El Patio Hostal,,,,El Charquito Mostrar en el mapa,COP 200.000,"2 noches, 1 adulto",Habitación Familiar con baño privado,3 camas dobles,,,,,,,,,,,,,,,,,,,,,,,,,
35,Hotel villa Aracely,,,,San Francisco Mostrar en el mapa,COP 120.000,"2 noches, 1 adulto",Habitación Doble - 1 o 2 camas,1 cama individual,,,,,,,,,,,,,,,,,,,,,,,,,
36,Mi Cali bella,,,,El Charquito Mostrar en el mapa,COP 120.000,"2 noches, 1 adulto",Habitación Deluxe - 1 cama grande,1 cama individual,,,,,,,,,,,,,,,,,,,,,,,,,
37,Hotel Colombia - Apulo,,,,Apulo Mostrar en el mapa,COP 152.000,"2 noches, 1 adulto",Habitación Doble Deluxe con balcón,1 cama doble,,,,,,,,,,,,,,,,,,,,,,,,,
38,Torre Alta,,,,Bogotá Mostrar en el mapa,COP 257.400,"2 noches, 1 adulto",Apartamento,"2 camas
(1 sofá cama, 1 doble grande)",,,,,,,,,,,,,,,,,,,,,,,,,
39,Hotel palmaagua,,,,Bogotá Mostrar en el mapa,COP 510.000,"2 noches, 1 adulto",Habitación Deluxe - 1 cama grande,1 cama doble,,,,,,,,,,,,,,,,,,,,,,,,,
40,Hotel Refugio de Montaña,,,,Facatativá Mostrar en el mapa,COP 260.000,"2 noches, 1 adulto",Suite Junior Deluxe,1 cama doble,"9,4",,,,,,,,,,,,,,,,,,,,,,,,
41,Hotel Viota Plaza,,,,Viotá Mostrar en el mapa,COP 140.000,"2 noches, 1 adulto",Habitación Individual con baño privado,1 cama individual,"7,1",,,,,,,,,,,,,,,,,,,,,,,,
42,VILLA SOFIA,,,,Viotá Mostrar en el mapa,COP 125.000,"2 noches, 1 adulto",Habitación Familiar,"5 camas
(1 individual, 2 dobles, 2 literas)",,,,,,,,,,,,,,,,,,,,,,,,,
43,Monteclaro Facatativá,,,,Facatativá Mostrar en el mapa,COP 240.000,"2 noches, 1 adulto",Apartamento de 1 dormitorio,1 cama doble,,,,,,,,,,,,,,,,,,,,,,,,,
44,Maravilloso Apartamento Girardot Ricaurte con vista Panorámica,,,,Ricaurte Mostrar en el mapa,COP 375.000,"2 noches, 1 adulto",Apartamento,"5 camas
(3 individuales, 1 doble, 1 sofá cama)",,,,,,,,,,,,,,,,,,,,,,,,,
45,"Casa Alcaparro 3 pisos,Centro de Madrid, Cundinamarca, Colombia",,,,La Pincha Mostrar en el mapa,COP 180.000,"2 noches, 1 adulto",Villa de 2 dormitorios,"2 camas
(1 individual, 1 doble)",,,,,,,,,,,,,,,,,,,,,,,,,
