,name,Mes,Dia Inicio,Dia Final,location,price,price_for,room_type,beds,rating,Hoteles+otros,Albergues+Alojamientos_Compartidos,Apartamentos+casas,Originales+Aire_Libre,Tipo_de_Alojamiento,Senderismo,Bañera,Baño_al_Aire_libre,Baño_publico,Tours_a_pie,Ciclismo,Parque_acuatico,Equitación,Parking,Habitaciones_Familiares,Habitaciones_No_Fumadores,Admite_Mascotas,Wifi_gratis,Restaurantes,Piscina,Servicio_Habitaciones,Adaptado_Movilidad_reducida,Spa_Y Centro_Bienestar,Gimnasio
0,Gyrola Birding,,,,La Mesa Mostrar en el mapa,COP 798.000,"2 noches, 1 adulto",Habitación Doble - 2 camas,2 camas dobles,"9,4",,,,,,,,,,,,,,,,,,,,,,,,
1,Refugio Del Bosque Glamping,,,,La Mesa Mostrar en el mapa,COP 790.000,"2 noches, 1 adulto",Habitación Doble Deluxe con ducha,"3 camas
(2 individuales, 1 doble)","9,6",,,,,,,,,,,,,,,,,,,,,,,,
2,Finca Las Marías,,,,La Mesa Mostrar en el mapa,COP 700.000,"2 noches, 1 adulto",Villa,"6 camas
(4 individuales, 1 doble, 1 doble grande)","8,6",,,,,,,,,,,,,,,,,,,,,,,,
3,Hotel Aguablanca,,,,La Mesa Mostrar en el mapa,COP 156.000,"2 noches, 1 adulto",Villa,"5 camas
(4 individuales, 1 doble)","8,6",,,,,,,,,,,,,,,,,,,,,,,,
4,Finca Hotel Loma Linda,,,,La Mesa Mostrar en el mapa,COP 320.000,"2 noches, 1 adulto",Habitación Doble,1 cama doble,"7,9",,,,,,,,,,,,,,,,,,,,,,,,
5,Fruit Palace Hostel,,,,La Mesa Mostrar en el mapa,COP 90.000,"2 noches, 1 adulto",Habitación Doble con baño compartido,3 camas individuales,"9,1",,,,,,,,,,,,,,,,,,,,,,,,
6,"Finca campestre con Piscina a 90 min de Bogota, en La Mesa-Casona y Casita",,,,La Mesa Mostrar en el mapa,COP 480.000,"2 noches, 1 adulto",Casa de 1 dormitorio,"4 camas
(1 individual, 3 dobles)","9,1",,,,,,,,,,,,,,,,,,,,,,,,
7,Finca Santa María,,,,La Mesa Mostrar en el mapa,COP 3.200.000,"2 noches, 1 adulto",Villa con piscina privada,"38 camas
(6 individuales, 32 literas)","9,6",,,,,,,,,,,,,,,,,,,,,,,,
8,Finca Villa María,,,,La Mesa Mostrar en el mapa,COP 96.000,"2 noches, 1 adulto",Casa Unifamiliar de 3 dormitorios,"3 camas
(1 individual, 2 dobles)","8,8",,,,,,,,,,,,,,,,,,,,,,,,
9,Rancho texas,,,,La Mesa Mostrar en el mapa,COP 640.000,"2 noches, 1 adulto",Casa Unifamiliar de 2 dormitorios,2 camas dobles,,,,,,,,,,,,,,,,,,,,,,,,,
10,Kau Hotel,,,,La Mesa Mostrar en el mapa,COP 525.600,"2 noches, 1 adulto",Habitación Triple Estándar,"2 camas
(1 individual, 1 doble)","9,5",,,,,,,,,,,,,,,,,,,,,,,,
11,Hotel Toscana,,,,La Mesa Mostrar en el mapa,COP 330.820,"2 noches, 1 adulto",Habitación Doble Estándar con vistas a la montaña - 2 camas,2 camas dobles,,,,,,,,,,,,,,,,,,,,,,,,,
12,Hermosa y confortable Casa Campestre km 1.5 vía La Mesa-Anapoima.,,,,La Mesa Mostrar en el mapa,COP 120.000,"2 noches, 1 adulto",Casa de 3 habitaciones,9 camas individuales,"9,8",,,,,,,,,,,,,,,,,,,,,,,,
13,APARTAHOTEL TAYAMBE,,,,La Mesa Mostrar en el mapa,COP 180.000,"2 noches, 1 adulto",Habitación Doble,1 cama doble grande,"9,4",,,,,,,,,,,,,,,,,,,,,,,,
14,Finca Vacacional para Grupos en Anapoima,,,,La Mesa Mostrar en el mapa,COP 1.440.000,"2 noches, 1 adulto",Apartamento,"8 camas
(4 individuales, 1 doble, 3 literas)",,,,,,,,,,,,,,,,,,,,,,,,,
15,Finca Hotel Villa Cristina,,,,La Mesa Mostrar en el mapa,COP 320.000,"2 noches, 1 adulto",Habitación Doble,1 cama doble,"7,5",,,,,,,,,,,,,,,,,,,,,,,,
16,Hotel Tropico Real Mesitas,,,,El Colegio Mostrar en el mapa,COP 280.000,"2 noches, 1 adulto",Habitación Doble con balcón,1 cama doble,"8,8",,,,,,,,,,,,,,,,,,,,,,,,
17,Alojamiento Rural Gran Chaparral,,,,El Colegio Mostrar en el mapa,COP 200.000,"2 noches, 1 adulto",Casa de 1 dormitorio,1 cama doble,"8,5",,,,,,,,,,,,,,,,,,,,,,,,
18,Anapoima Natura,,,,Anapoima Mostrar en el mapa,COP 866.580,"2 noches, 1 adulto",Estudio Amplio,"2 camas
(1 doble, 1 sofá cama)","8,5",,,,,,,,,,,,,,,,,,,,,,,,
19,Areca Leisure Centre,,,,Anapoima Mostrar en el mapa,COP 1.104.000,"2 noches, 1 adulto",Casa,"8 camas
(1 doble, 2 dobles extragrandes, 3 literas, 2 sofás cama)","9,3",,,,,,,,,,,,,,,,,,,,,,,,
20,Econilonatural,,,,Anapoima Mostrar en el mapa,COP 325.800,"2 noches, 1 adulto",Habitación Doble con balcón,1 cama doble grande,"7,6",,,,,,,,,,,,,,,,,,,,,,,,
21,Casa Anapoima Kubik Aqua,,,,Anapoima Mostrar en el mapa,COP 3.000.000,"2 noches, 1 adulto",Casa,"10 camas
(7 individuales, 3 dobles extragrandes)","9,9",,,,,,,,,,,,,,,,,,,,,,,,
22,Hotel Mulato,,,,El Colegio Mostrar en el mapa,COP 280.000,"2 noches, 1 adulto",Habitación Doble Estándar,1 cama doble,"9,2",,,,,,,,,,,,,,,,,,,,,,,,
23,La Toscana Campestre,,,,Viotá Mostrar en el mapa,COP 300.000,"2 noches, 1 adulto",Chalet,2 camas individuales,"8,0",,,,,,,,,,,,,,,,,,,,,,,,
24,La Palma y El Tucan Hotel,,,,Zipacón Mostrar en el mapa,COP 890.000,"2 noches, 1 adulto",Habitación Individual con vistas al jardín,1 cama individual,"9,6",,,,,,,,,,,,,,,,,,,,,,,,
25,Finca Hacienda Caracolí,,,,Facatativá Mostrar en el mapa,COP 1.100.000,"2 noches, 1 adulto",Villa,"12 camas
(6 individuales, 5 dobles, 1 doble grande)",,,,,,,,,,,,,,,,,,,,,,,,,
26,finca el prado,,,,Anapoima Mostrar en el mapa,COP 1.700.000,"2 noches, 1 adulto",Casa de 1 dormitorio,"11 camas
(7 individuales, 2 dobles, 1 sofá cama, 1 doble grande)",,,,,,,,,,,,,,,,,,,,,,,,,
27,El Cielo Glamping,,,,Tena Mostrar en el mapa,COP 394.400,"2 noches, 1 adulto",Tienda,1 cama doble,"9,7",,,,,,,,,,,,,,,,,,,,,,,,
28,Hualcala,,,,La Gran Via Mostrar en el mapa,COP 160.000,"2 noches, 1 adulto",Casa de 1 dormitorio,1 cama doble,"9,1",,,,,,,,,,,,,,,,,,,,,,,,
29,Terrazas De Baltimoores,,,,San Joaquín Mostrar en el mapa,COP 380.000,"2 noches, 1 adulto",Habitación Doble con cama supletoria,1 cama doble grande,,,,,,,,,,,,,,,,,,,,,,,,,
30,Hotel Acuarios Spa,,,,El Colegio Mostrar en el mapa,COP 200.000,"2 noches, 1 adulto",Habitación Doble,1 cama doble,"8,2",,,,,,,,,,,,,,,,,,,,,,,,
31,Finca campestre en Mesitas,,,,El Colegio Mostrar en el mapa,COP 1.080.000,"2 noches, 1 adulto",Casa de 4 dormitorios,"15 camas
(9 individuales, 5 dobles, 1 sofá cama)","9,0",,,,,,,,,,,,,,,,,,,,,,,,
32,Hotel Bochica Inter,,,,El Colegio Mostrar en el mapa,COP 598.000,"2 noches, 1 adulto",Habitación Familiar,"5 camas
(4 individuales, 1 doble)","7,6",,,,,,,,,,,,,,,,,,,,,,,,
33,Casa Campestre Tejebarro,,,,Anapoima Mostrar en el mapa,COP 1.550.000,"2 noches, 1 adulto",Casa,"17 camas
(1 individual, 1 doble extragrande, 10 literas, 1 sofá cama, 4 dobles grandes)","9,9",,,,,,,,,,,,,,,,,,,,,,,,
34,Montecito Casa Rural,,,,San Antonio Mostrar en el mapa,COP 912.000,"2 noches, 1 adulto",Casa de 5 dormitorios,"14 camas
(2 individuales, 3 dobles, 6 literas, 2 sofás cama, 1 doble grande)",,,,,,,,,,,,,,,,,,,,,,,,,
35,Casa de Descanso,,,,Anapoima Mostrar en el mapa,COP 1.398.000,"2 noches, 1 adulto",Casa de 3 habitaciones,"5 camas
(2 individuales, 3 dobles)",,,,,,,,,,,,,,,,,,,,,,,,,
36,Casa vacaciones o fines de semana en Anapoima,,,,Anapoima Mostrar en el mapa,COP 160.000,"2 noches, 1 adulto",Habitación Doble Estándar - 2 camas,2 camas individuales,"7,0",,,,,,,,,,,,,,,,,,,,,,,,
37,Casa Musa,,,,El Ocaso Mostrar en el mapa,COP 920.000,"2 noches, 1 adulto",Casa,1 cama doble grande,"9,8",,,,,,,,,,,,,,,,,,,,,,,,
38,finca las margaritas,,,,Tena Mostrar en el mapa,COP 200.000,"2 noches, 1 adulto",Habitación Triple Económica,2 camas dobles,,,,,,,,,,,,,,,,,,,,,,,,,
39,Glamping Palo de Agua,,,,Anapoima Mostrar en el mapa,COP 540.000,"2 noches, 1 adulto",Tienda,1 cama doble grande,,,,,,,,,,,,,,,,,,,,,,,,,
40,Hotel Real Anapoima,,,,Anapoima Mostrar en el mapa,COP 140.000,"2 noches, 1 adulto",Habitación Individual Económica,1 cama individual,,,,,,,,,,,,,,,,,,,,,,,,,
41,La Flora,,,,La Horqueta Mostrar en el mapa,COP 976.760,"2 noches, 1 adulto",Casa de 6 dormitorios,"11 camas
(9 individuales, 2 dobles)","8,1",,,,,,,,,,,,,,,,,,,,,,,,
42,Finca Vacacional Para Familias y/o Grupos En Anapoima,,,,Anapoima Mostrar en el mapa,COP 1.511.800,"2 noches, 1 adulto",Chalet,"8 camas
(4 individuales, 1 doble, 3 literas)",,,,,,,,,,,,,,,,,,,,,,,,,
43,FINCA LUNADAR ANAPOIMA,,,,Anapoima Mostrar en el mapa,COP 1.600.000,"2 noches, 1 adulto",Casa de 4 dormitorios,7 camas dobles,"9,8",,,,,,,,,,,,,,,,,,,,,,,,
44,Hotel Zafiro Real,,,,Anapoima Mostrar en el mapa,COP 130.200,"2 noches, 1 adulto",Habitación Cuádruple Confort,"3 camas
(2 individuales, 1 doble)","7,0",,,,,,,,,,,,,,,,,,,,,,,,
45,VillaLoren,,,,San Antonio del Tequendama Mostrar en el mapa,COP 180.000,"2 noches, 1 adulto",Habitación Doble,1 cama doble grande,"8,4",,,,,,,,,,,,,,,,,,,,,,,,
46,Siete Sentidos Eco Finca Hotel,,,,Anapoima Mostrar en el mapa,COP 1.710.000,"2 noches, 1 adulto",Casa de 8 dormitorios,"25 camas
(10 dobles, 15 literas)","8,7",,,,,,,,,,,,,,,,,,,,,,,,
47,Hotel Anapoima 1,,,,Anapoima Mostrar en el mapa,COP 500.000,"2 noches, 1 adulto",Habitación Deluxe,1 cama doble grande,"9,0",,,,,,,,,,,,,,,,,,,,,,,,
48,PALO VERDE,,,,Anapoima Mostrar en el mapa,COP 3.600.000,"2 noches, 1 adulto",Casa de 6 dormitorios,"13 camas
(9 individuales, 1 doble, 3 literas)",,,,,,,,,,,,,,,,,,,,,,,,,
49,Campestre Mango Biche,,,,Anapoima Mostrar en el mapa,COP 480.000,"2 noches, 1 adulto",Habitación Doble Estándar con ventilador,1 cama doble,"7,4",,,,,,,,,,,,,,,,,,,,,,,,
50,conjunto cerrado tamarindo anapoima,,,,Anapoima Mostrar en el mapa,COP 1.000.000,"2 noches, 1 adulto",Apartamento,"8 camas
(6 individuales, 1 doble, 1 doble grande)",,,,,,,,,,,,,,,,,,,,,,,,,
51,AVISTAMIENTO DE AVES EL NIDO,,,,Cachipay Mostrar en el mapa,COP 156.000,"2 noches, 1 adulto",Habitación Triple Clásica,3 camas individuales,,,,,,,,,,,,,,,,,,,,,,,,,
52,Apartamento San Pablo Anapoima,,,,Anapoima Mostrar en el mapa,COP 560.000,"2 noches, 1 adulto",Apartamento de 2 dormitorios,"5 camas
(2 individuales, 1 doble, 1 litera, 1 sofá cama)",,,,,,,,,,,,,,,,,,,,,,,,,
53,SAINT CLEAR - Centro Turístico y Vacacional de Anolaima,,,,Anolaima Mostrar en el mapa,COP 90.000,"2 noches, 1 adulto",Habitación con vistas a la piscina - 1 cama grande,1 cama doble,,,,,,,,,,,,,,,,,,,,,,,,,
54,Alojamiento rural Villa Anita,,,,Anolaima Mostrar en el mapa,COP 70.000,"2 noches, 1 adulto",Habitación Individual,1 cama individual,"8,5",,,,,,,,,,,,,,,,,,,,,,,,
55,Glampling anolaima,,,,Anolaima Mostrar en el mapa,COP 340.000,"2 noches, 1 adulto",Habitación Individual,1 cama individual,,,,,,,,,,,,,,,,,,,,,,,,,
56,AUTODIMAS,,,,Anolaima Mostrar en el mapa,COP 60.000,"2 noches, 1 adulto",Habitación Doble - 2 camas dobles,2 camas individuales,"8,9",,,,,,,,,,,,,,,,,,,,,,,,
57,GLAMPING CELESTE,,,,Anapoima Mostrar en el mapa,COP 790.000,"2 noches, 1 adulto",Tienda,2 camas dobles,,,,,,,,,,,,,,,,,,,,,,,,,
58,Finca de 4 cuartos y jardines by Emerge Rentals,,,,La Selva Mostrar en el mapa,COP 523.840,"2 noches, 1 adulto",Casa,"7 camas
(2 individuales, 5 dobles)",,,,,,,,,,,,,,,,,,,,,,,,,
59,VILLA DE LOS ANGELES GLAMPING,,,,Anolaima Mostrar en el mapa,COP 372.000,"2 noches, 1 adulto",Habitación Doble Deluxe con balcón,1 cama doble grande,"9,1",,,,,,,,,,,,,,,,,,,,,,,,
60,Hospedería Sativa,,,,Granada Mostrar en el mapa,COP 134.400,"2 noches, 1 adulto",Habitación Doble con baño privado,1 cama individual,"8,8",,,,,,,,,,,,,,,,,,,,,,,,
61,Club campestre el Peñón de Apulo,,,,Apulo Mostrar en el mapa,COP 160.000,"2 noches, 1 adulto",Habitación Familiar,"4 camas
(1 individual, 1 doble, 2 literas)","8,7",,,,,,,,,,,,,,,,,,,,,,,,
62,Cabaña campestre en ambiente natural,,,,Apulo Mostrar en el mapa,COP 240.000,"2 noches, 1 adulto",Casa de 3 habitaciones,"4 camas
(3 individuales, 1 doble)","7,1",,,,,,,,,,,,,,,,,,,,,,,,
63,Los Olivos Vereda Pueblo Viejo Zipacon,,,,Zipacón Mostrar en el mapa,COP 120.000,"2 noches, 1 adulto",Habitación Familiar,2 camas dobles,,,,,,,,,,,,,,,,,,,,,,,,,
64,Casa campestre el rocío,,,,Silvania Mostrar en el mapa,COP 60.000,"2 noches, 1 adulto",Casa de 2 dormitorios,8 camas dobles grandes,,,,,,,,,,,,,,,,,,,,,,,,,
65,Edificio Anabel,,,,Bogotá Mostrar en el mapa,COP 160.000,"2 noches, 1 adulto",Habitación Doble con cama supletoria - 1 o 2 camas,"2 camas
(1 individual, 1 doble)",,,,,,,,,,,,,,,,,,,,,,,,,
66,El Patio Hostal,,,,El Charquito Mostrar en el mapa,COP 200.000,"2 noches, 1 adulto",Habitación Familiar con baño privado,3 camas dobles,,,,,,,,,,,,,,,,,,,,,,,,,
67,Hotel villa Aracely,,,,San Francisco Mostrar en el mapa,COP 120.000,"2 noches, 1 adulto",Habitación Doble - 1 o 2 camas,1 cama individual,,,,,,,,,,,,,,,,,,,,,,,,,
68,Mi Cali bella,,,,El Charquito Mostrar en el mapa,COP 120.000,"2 noches, 1 adulto",Habitación Deluxe - 1 cama grande,1 cama individual,,,,,,,,,,,,,,,,,,,,,,,,,
69,Hotel Colombia - Apulo,,,,Apulo Mostrar en el mapa,COP 152.000,"2 noches, 1 adulto",Habitación Doble Deluxe con balcón,1 cama doble,,,,,,,,,,,,,,,,,,,,,,,,,
70,Tierra Linda,,,,El Charquito Mostrar en el mapa,COP 1.000.000,"2 noches, 1 adulto",Casa,"5 camas
(2 dobles, 1 doble extragrande, 2 sofás cama)","9,3",,,,,,,,,,,,,,,,,,,,,,,,
71,Finca Ecoturistica Villa ruth,,,,Apulo Mostrar en el mapa,COP 1.683.000,"2 noches, 1 adulto",Chalet,"13 camas
(6 individuales, 5 dobles, 2 literas)",,,,,,,,,,,,,,,,,,,,,,,,,
72,Hotel palmaagua,,,,Bogotá Mostrar en el mapa,COP 510.000,"2 noches, 1 adulto",Habitación Deluxe - 1 cama grande,1 cama doble,,,,,,,,,,,,,,,,,,,,,,,,,
73,Hotel Refugio de Montaña,,,,Facatativá Mostrar en el mapa,COP 260.000,"2 noches, 1 adulto",Suite Junior Deluxe,1 cama doble,"9,4",,,,,,,,,,,,,,,,,,,,,,,,
74,Hotel Viota Plaza,,,,Viotá Mostrar en el mapa,COP 140.000,"2 noches, 1 adulto",Habitación Individual con baño privado,1 cama individual,"7,1",,,,,,,,,,,,,,,,,,,,,,,,
75,Villa Falian pesca deportiva,,,,Viotá Mostrar en el mapa,COP 640.000,"2 noches, 1 adulto",Villa de 2 dormitorios,"5 camas
(1 individual, 2 dobles, 1 litera, 1 sofá cama)",,,,,,,,,,,,,,,,,,,,,,,,,
76,Monteclaro Facatativa,,,,Facatativá Mostrar en el mapa,COP 203.200,"2 noches, 1 adulto",Apartamento de 2 dormitorios,"3 camas
(2 individuales, 1 doble)","9,4",,,,,,,,,,,,,,,,,,,,,,,,
77,Maravilloso Apartamento Girardot Ricaurte con vista Panorámica,,,,Ricaurte Mostrar en el mapa,COP 375.000,"2 noches, 1 adulto",Apartamento,"5 camas
(3 individuales, 1 doble, 1 sofá cama)",,,,,,,,,,,,,,,,,,,,,,,,,
78,"Eco - Hostel, Coffee Farm - CAFE JAGUAR",,,,Silvania Mostrar en el mapa,COP 70.000,"2 noches, 1 adulto",Litera en habitación compartida mixta,1 cama individual,"9,4",,,,,,,,,,,,,,,,,,,,,,,,
