,name,Mes,Dia Inicio,Dia Final,location,price,price_for,room_type,beds,rating,Hoteles+otros,Albergues+Alojamientos_Compartidos,Apartamentos+casas,Originales+Aire_Libre,Tipo_de_Alojamiento,Senderismo,Bañera,Baño_al_Aire_libre,Baño_publico,Tours_a_pie,Ciclismo,Parque_acuatico,Equitación,Parking,Habitaciones_Familiares,Habitaciones_No_Fumadores,Admite_Mascotas,Wifi_gratis,Restaurantes,Piscina,Servicio_Habitaciones,Adaptado_Movilidad_reducida,Spa_Y Centro_Bienestar,Gimnasio
0,Altozano Cabañas Nimaima,Agosto,14,16,Nimaima,COP 200.000,"2 noches, 1 adulto",Habitación Doble con baño privado,1 cama doble,,Si,Si,No,No,lodges,No,No,No,No,No,No,No,No,Si,No,No,Si,No,Si,No,No,No,No,No
1,TierraViva,Agosto,14,16,Tobia,COP 120.000,"2 noches, 1 adulto",Habitación Doble con baño compartido - 1 o 2 camas,2 literas,"9,6",Si,Si,No,No,Casas_Rurales,No,Si,No,Si,No,No,No,No,Si,Si,Si,Si,No,Si,Si,No,No,No,No
2,Finca Hotel Guayacundo,Agosto,14,16,Vergara,COP 576.000,"2 noches, 1 adulto",Habitación Familiar,"3 camas
(1 individual, 2 dobles)","8,5",Si,Si,No,No,Hoteles,Si,Si,No,Si,Si,No,No,No,Si,Si,Si,Si,No,Si,Si,Si,Si,No,No
3,Casa del Árbol Colombia,Agosto,14,16,Tobia,COP 780.000,"2 noches, 1 adulto",Villa de 1 dormitorio,"2 camas
(1 doble, 1 sofá cama)",,No,No,Si,No,Villas,Si,No,No,Si,No,No,No,No,Si,Si,No,No,No,Si,No,Si,No,No,No
4,Piioneros Nocaima,Agosto,14,16,Nocaima,COP 400.000,"2 noches, 1 adulto",Habitación Doble - 2 camas,2 camas dobles,,Si,Si,No,No,Hoteles,No,No,No,No,No,No,No,No,Si,Si,Si,Si,Si,Si,No,Si,No,No,No
5,Hotel Campestre La Gaitana,Agosto,14,16,Tobia,COP 360.000,"2 noches, 1 adulto",Habitación Doble,1 cama doble,"8,2",Si,Si,No,No,Hoteles,Si,No,No,Si,No,No,No,No,Si,Si,Si,No,No,Si,Si,No,No,No,Si
6,Finca kenya,Agosto,14,16,La Vega,COP 1.980.000,"2 noches, 1 adulto",Casa de 6 dormitorios,"6 camas
(3 dobles extragrandes, 3 dobles grandes)",,No,No,Si,No,Casas_y_Chalet,No,No,No,No,No,No,No,No,Si,Si,Si,Si,No,No,Si,No,Si,No,No
7,JÖST La Vega Casa piscina natural. Pet friendly,Agosto,14,16,La Vega,COP 520.000,"2 noches, 1 adulto",Chalet de 3 dormitorios,"4 camas
(2 individuales, 2 dobles)",,Si,Si,Si,No,Chalets_Montaña,Si,No,No,No,No,No,No,No,Si,Si,No,Si,No,No,Si,No,No,No,No
8,Hotel La Selva Agroecologica,Agosto,14,16,La Vega,COP 530.000,"2 noches, 1 adulto",Habitación Triple con vistas a la montaña,"2 camas
(1 individual, 1 doble)","9,3",Si,Si,No,No,Hoteles,Si,No,No,No,Si,No,No,No,Si,Si,Si,No,Si,Si,Si,No,Si,Si,No
9,BOHIO FAMILIAR CONFORTABLE EN VILLETA,Agosto,14,16,Villeta,COP 1.630.000,"2 noches, 1 adulto",Villa,"9 camas
(4 individuales, 4 dobles, 1 doble extragrande)",,No,No,Si,No,Villas,Si,Si,No,Si,No,No,No,No,Si,Si,Si,Si,No,No,Si,No,No,No,No
10,Duck House,Agosto,14,16,La Vega,COP 264.000,"2 noches, 1 adulto",Habitación Doble Estándar con baño compartido,1 cama doble,"8,6",Si,Si,Si,No,Hoteles,Si,Si,No,No,Si,No,No,No,Si,No,Si,No,No,Si,Si,Si,No,Si,No
11,Habitacion en condominio casa campestre Villeta,Agosto,14,16,Villeta,COP 643.200,"2 noches, 1 adulto",Suite con cama grande,1 cama doble grande,"9,3",Si,Si,No,Si,Habitaciones_en_Casas,No,No,No,No,No,No,No,No,Si,Si,Si,Si,Si,No,Si,No,No,No,No
12,Hotel spa Excalibur,Agosto,14,16,Villeta,COP 720.000,"2 noches, 1 adulto",Habitación Doble con baño privado,1 cama doble,,Si,Si,No,No,Hoteles,No,Si,No,Si,No,No,No,No,Si,Si,No,No,Si,Si,Si,Si,No,Si,No
13,Casa en el Arbol,Agosto,14,16,Utica,COP 596.000,"2 noches, 1 adulto",Casa de 1 dormitorio,2 camas dobles,"8,4",No,No,Si,No,lodges,Si,No,No,Si,No,No,No,No,Si,No,No,No,Si,Si,Si,No,No,No,No
14,No Sólo Río,Agosto,14,16,La Vega,COP 640.000,"2 noches, 1 adulto",Chalet de 1 dormitorio,"2 camas
(1 sofá cama, 1 doble grande)","9,8",Si,Si,Si,Si,Agroturismo,Si,Si,No,No,Si,No,No,No,Si,No,Si,No,Si,No,Si,No,No,No,No
15,Finca Pozo Azul,Agosto,14,16,La Vega,COP 240.000,"2 noches, 1 adulto",Habitación Deluxe,1 cama doble,"8,5",Si,Si,No,Si,Agroturismo,Si,No,No,Si,No,No,No,No,Si,Si,Si,No,Si,Si,Si,No,No,No,No
16,Villeta Boutique Hotel Spa,Agosto,14,16,Villeta,COP 496.820,"2 noches, 1 adulto",Habitación Doble Clásica,1 cama doble,"8,2",Si,Si,No,No,Hoteles,No,Si,No,No,No,No,No,No,Si,Si,Si,Si,Si,Si,Si,Si,No,Si,No
17,Casa Campestre El Edén,Agosto,14,16,Villeta,COP 300.000,"2 noches, 1 adulto",Suite con vistas a la montaña,1 cama doble,,Si,Si,No,No,Hoteles,No,No,No,No,No,No,No,No,Si,Si,Si,Si,Si,Si,Si,Si,No,No,No
18,Casa Campestre Longares,Agosto,14,16,Villeta,COP 240.000,"2 noches, 1 adulto",Apartamento Estándar,1 cama doble,"8,7",Si,Si,Si,No,Apartamentos,No,No,No,Si,No,No,No,No,Si,Si,No,Si,Si,Si,Si,Si,No,No,No
19,Hotel Guacana,Agosto,14,16,La Vega,COP 60.000,"2 noches, 1 adulto",Habitación Triple con baño privado,2 camas individuales,"7,5",Si,Si,No,No,Hoteles,Si,No,No,No,Si,No,No,No,Si,Si,No,Si,Si,Si,No,Si,Si,No,Si
20,El Cafetero,Agosto,14,16,Sasaima,COP 480.000,"2 noches, 1 adulto",Camarote Familiar,8 literas,,Si,Si,No,Si,Agroturismo,Si,No,No,Si,No,No,No,No,Si,Si,Si,Si,No,Si,Si,No,No,No,No
21,Hotel Turístico Victoria Real,Agosto,14,16,La Vega,COP 240.000,"2 noches, 1 adulto",Habitación Doble con baño privado,1 cama doble,"7,8",Si,Si,No,No,Hoteles,No,No,No,Si,No,No,No,No,Si,Si,Si,No,Si,Si,Si,Si,Si,No,No
22,Hotel La Puerta del Sol,Agosto,14,16,La Vega,COP 260.000,"2 noches, 1 adulto",Habitación Doble,1 cama doble,"8,5",Si,Si,No,No,Hoteles,No,Si,No,Si,No,No,No,No,Si,Si,Si,Si,Si,No,Si,Si,No,No,No
23,Hotel El Ancla,Agosto,14,16,La Vega,COP 340.000,"2 noches, 1 adulto",Habitación Doble,1 cama doble,"8,2",Si,Si,No,No,Hoteles,No,Si,No,No,No,No,No,No,Si,Si,Si,No,Si,Si,Si,No,No,No,No
24,El Tambo Eco Hotel,Agosto,14,16,La Vega,COP 250.000,"2 noches, 1 adulto",Habitación Doble Económica,1 cama doble,"9,0",Si,Si,No,No,Hoteles,No,No,No,No,No,No,No,No,Si,Si,No,No,Si,Si,Si,No,No,No,No
25,HOSTERIA VILLA DE ALCOCER,Agosto,14,16,Villeta,COP 80.000,"2 noches, 1 adulto",Cama en habitación compartida de 8 camas,1 cama individual,"9,1",Si,Si,No,No,Hoteles,No,No,No,No,No,No,No,No,Si,Si,Si,No,Si,No,No,No,No,No,No
26,el tambo,Agosto,14,16,La Vega,COP 400.000,"2 noches, 1 adulto",Habitación Doble - 2 camas dobles,2 camas dobles,,Si,Si,No,No,Casas_Rurales,No,No,No,No,No,No,No,No,Si,No,No,No,No,No,Si,No,No,No,No
27,El Tambo Eco Hotel,Agosto,14,16,La Vega,COP 250.000,"2 noches, 1 adulto",Habitación Doble Económica,1 cama doble,"9,0",No,No,No,No,,No,No,No,No,No,No,No,No,No,No,No,No,No,No,No,No,No,No,No
28,Hotel Casa Moreno La Vega,Agosto,14,16,La Vega,COP 360.000,"2 noches, 1 adulto",Habitación Doble,"2 camas
(1 doble, 1 sofá cama)","8,8",Si,Si,No,No,Hoteles,Si,No,No,Si,No,No,No,No,Si,Si,No,Si,Si,Si,Si,Si,Si,No,No
29,Natural Hotel de La Vega,Agosto,14,16,La Vega,COP 319.000,"2 noches, 1 adulto",Habitación Doble Económica,1 cama doble,"8,3",No,No,No,No,Hoteles,No,No,No,No,No,No,No,No,No,Si,No,No,Si,No,Si,Si,No,No,No
30,PISTA MARIO KARTS VERGARA,Agosto,14,16,La Vega,COP 50.000,"2 noches, 1 adulto",Parcela,1 futón,,No,No,Si,Si,Camping,No,No,No,Si,Si,No,No,No,Si,Si,Si,Si,No,No,No,No,No,No,No
31,Villeta Resort Hotel,Agosto,14,16,Villeta,COP 487.160,"2 noches, 1 adulto",Habitación Doble - 2 camas,2 camas individuales,"7,8",No,No,Si,No,Hoteles,Si,No,No,Si,No,No,No,No,Si,Si,No,No,Si,Si,No,Si,No,Si,No
32,Hotel Viena,Agosto,14,16,Villeta,COP 456.000,"2 noches, 1 adulto",Suite Junior,1 cama doble grande,,No,No,No,No,Hoteles,No,Si,No,No,No,No,No,No,Si,Si,Si,No,Si,Si,Si,Si,No,Si,No
33,FINCA EL PARAISO,Agosto,14,16,Villeta,COP 312.000,"2 noches, 1 adulto",Habitación Familiar con vistas a la montaña,10 camas individuales,"9,2",No,No,No,Si,Agroturismo,Si,Si,No,No,No,No,No,No,Si,Si,Si,Si,No,No,No,No,No,No,No
34,Montaña Magica,Agosto,14,16,Villeta,COP 160.000,"2 noches, 1 adulto",Habitación Doble,1 cama individual,,No,No,No,Si,Camping,No,No,No,No,No,No,No,No,Si,No,Si,Si,No,No,Si,No,No,No,No
35,aparta hotel montaña mágica,Agosto,14,16,Villeta,COP 240.000,"2 noches, 1 adulto",Apartamento Estudio,"3 camas
(2 dobles, 1 sofá cama)",,No,No,Si,No,lodges,No,No,No,No,No,No,No,No,Si,Si,Si,Si,No,Si,Si,Si,No,No,No
36,Glamping en Container Sostenible CABINTAINER,Agosto,14,16,Supatá,COP 600.000,"2 noches, 1 adulto",Tienda,1 cama doble,,No,No,Si,Si,Camping,No,Si,No,No,No,No,No,No,Si,No,No,Si,No,No,No,No,No,No,No
37,Casa de descanso villeta,Agosto,14,16,Villeta,COP 840.000,"2 noches, 1 adulto",Casa de 1 dormitorio,"8 camas
(2 individuales, 3 dobles, 2 literas, 1 sofá cama)",,No,No,Si,No,Casas_y_Chalet,No,No,No,Si,No,No,No,No,Si,Si,Si,Si,No,No,Si,No,No,No,No
38,La finca de Juancho,Agosto,14,16,Villeta,COP 300.000,"2 noches, 1 adulto",Habitación Doble con baño privado,1 cama doble,,No,No,No,No,Hoteles,No,Si,No,No,No,No,No,No,Si,Si,Si,Si,No,Si,Si,No,No,No,Si
39,Hotel Alojamiento San Pedro In,Agosto,14,16,Villeta,COP 224.000,"2 noches, 1 adulto",Habitación Doble,1 cama doble,"8,0",No,No,No,No,Hoteles,Si,No,No,Si,Si,No,No,No,Si,Si,Si,Si,Si,Si,No,Si,No,No,No
40,Hotel Pacifico,Agosto,14,16,Villeta,COP 314.000,"2 noches, 1 adulto",Habitación Doble - 2 camas,1 cama doble grande,"8,4",No,No,No,No,Hoteles,No,No,No,No,No,No,No,No,Si,Si,Si,No,Si,Si,Si,Si,No,No,No
41,Finca Miraflores (Cune),Agosto,14,16,Villeta,COP 2.000.000,"2 noches, 1 adulto",Casa de 3 habitaciones,"9 camas
(2 individuales, 3 dobles, 1 litera, 3 sofás cama)",,No,No,Si,No,Casas_y_Chalet,No,No,No,No,No,No,No,No,No,No,No,Si,No,No,Si,No,No,No,No
42,Apartamentos Balcones de León,Agosto,14,16,Villeta,COP 665.000,"2 noches, 1 adulto",Apartamento de 3 dormitorios,"5 camas
(3 individuales, 1 doble, 1 futón)",,No,No,Si,No,Apartamentos,No,No,No,No,No,No,No,No,No,Si,Si,Si,No,No,Si,No,No,No,No
43,Finca Miraflores (Cune),Agosto,14,16,Villeta,COP 1.530.000,"2 noches, 1 adulto",Casa de 3 habitaciones,"9 camas
(1 individual, 4 dobles, 1 litera, 3 sofás cama)",,No,No,No,No,,No,No,No,No,No,No,No,No,No,No,No,No,No,No,No,No,No,No,No
44,Hotel Grand H&R,Agosto,14,16,Villeta,COP 285.720,"2 noches, 1 adulto",Habitación Doble,1 cama doble extragrande,"7,9",No,No,No,No,Hoteles,No,No,No,Si,Si,No,No,No,Si,Si,Si,No,Si,Si,Si,Si,No,No,No
45,Hotel Campestre Macondo,Agosto,14,16,Villeta,COP 274.000,"2 noches, 1 adulto",Habitación Doble,1 cama doble,,No,No,No,No,Hoteles,Si,Si,No,Si,Si,No,No,No,Si,Si,Si,Si,Si,Si,Si,Si,No,No,Si
46,Dulce Morada Hostal,Agosto,14,16,Villeta,COP 60.000,"2 noches, 1 adulto",Litera en habitación compartida mixta con baño compartido,1 litera,"8,4",No,No,No,No,Hostales_pensiones,No,No,No,Si,No,No,No,No,Si,Si,No,Si,Si,No,Si,No,No,No,No
47,Hotel Zipa Villeta,Agosto,14,16,Villeta,COP 240.000,"2 noches, 1 adulto",Habitación Doble con baño privado,1 cama individual,"7,8",No,No,No,No,Hoteles,No,No,No,No,No,No,No,No,Si,Si,No,No,Si,Si,No,No,No,No,No
48,Bellavista Campestre,Agosto,14,16,Villeta,COP 340.000,"2 noches, 1 adulto",Habitación Cuádruple Clásica,1 cama doble,"7,5",No,No,No,No,Casas_Rurales,No,No,No,Si,No,No,No,No,Si,Si,Si,Si,No,Si,Si,Si,No,No,No
49,Home Boutique Natural Paradise,Agosto,14,16,La Vega,COP 700.000,"2 noches, 1 adulto",Habitación Doble - 2 camas dobles,2 camas dobles,"9,3",No,No,No,Si,Habitaciones_en_Casas,Si,Si,No,No,No,No,No,No,Si,Si,Si,No,Si,No,Si,No,No,No,No
50,Finca Miraflores (Cune),Agosto,14,16,Villeta,COP 1.530.000,"2 noches, 1 adulto",Casa de 3 habitaciones,"9 camas
(1 individual, 4 dobles, 1 litera, 3 sofás cama)",,No,No,No,No,,No,No,No,No,No,No,No,No,No,No,No,No,No,No,No,No,No,No,No
51,Finca Hotel Santa Rita,Agosto,14,16,Villeta,COP 340.000,"2 noches, 1 adulto",Habitación Doble Deluxe,1 cama doble,,No,No,Si,No,Hostales_pensiones,No,Si,No,Si,No,No,No,No,Si,Si,Si,Si,Si,No,Si,No,No,No,No
52,Luna Glamping Colombia,Agosto,14,16,El Peñón,COP 1.700.000,"2 noches, 1 adulto",Tienda,1 cama doble extragrande,,No,No,Si,Si,Tented_camps,No,Si,No,No,Si,No,No,No,Si,No,Si,No,No,No,No,No,No,No,No
53,VILLETA-SUITE 3PAX - FINCA ECOTURÍSTICA,Agosto,14,16,Villeta,COP 560.000,"2 noches, 1 adulto",Habitación Triple con baño,3 camas individuales,,No,No,No,Si,Tented_camps,No,No,No,No,No,No,No,No,Si,Si,No,Si,No,No,Si,No,No,No,No
54,Finca Calusa,Agosto,14,16,Villeta,COP 720.000,"2 noches, 1 adulto",Habitación Cuádruple con baño privado,"3 camas
(2 individuales, 1 doble extragrande)","7,9",No,No,No,No,Casas_Rurales,Si,No,No,No,No,No,No,No,No,Si,No,No,Si,No,Si,No,No,No,No
55,La Finestra Spa Hotel Boutique,Agosto,14,16,La Vega,COP 584.000,"2 noches, 1 adulto",Habitación Doble,1 cama doble grande,"9,4",No,No,No,No,Hoteles,Si,Si,No,No,No,No,No,No,No,Si,Si,Si,Si,Si,No,Si,No,Si,No
56,Villeta Vintage Casa hotel,Agosto,14,16,Villeta,COP 334.460,"2 noches, 1 adulto",Habitación Doble,1 cama doble,"8,7",No,No,No,No,Hoteles,No,Si,No,No,No,No,No,No,No,Si,Si,Si,Si,Si,No,Si,Si,Si,No
57,Hotel Rio Alto,Agosto,14,16,Villeta,COP 300.000,"2 noches, 1 adulto",Habitación Doble - 2 camas,2 camas individuales,,No,No,No,No,Hoteles,No,No,No,No,No,No,No,No,No,Si,Si,Si,No,Si,Si,Si,No,No,No
58,Cabaña Albisola,Agosto,14,16,La Vega,COP 700.000,"2 noches, 1 adulto",Habitación con cama grande y balcón,1 cama doble,"9,6",No,No,No,No,lodges,Si,No,No,No,No,No,No,No,No,No,Si,No,Si,Si,No,No,No,No,No
59,El Pueblito - Amigos del Campo,Agosto,14,16,Sasaima,COP 453.780,"2 noches, 1 adulto",Habitación Familiar con baño,"2 camas
(1 doble, 1 litera)","8,9",No,No,Si,No,Hoteles,Si,No,No,No,No,No,No,No,No,Si,No,No,Si,Si,Si,No,No,No,No
60,Hogar en la Montaña Home Sweet Home,Agosto,14,16,La Vega,COP 150.000,"2 noches, 1 adulto",Habitación Doble - 2 camas,2 camas dobles,"9,2",No,No,No,No,Casas_Rurales,Si,No,No,No,Si,No,No,No,No,Si,No,Si,Si,Si,Si,No,No,No,No
61,Eco Glamping Aquamonti,Agosto,14,16,Supatá,COP 1.000.000,"2 noches, 1 adulto",Bungalow Deluxe,1 cama doble grande,10,No,No,Si,Si,Tented_camps,No,Si,No,No,No,No,No,No,No,No,Si,No,No,No,No,Si,No,No,No
62,Finca Villa Elenita,Agosto,14,16,Sasaima,COP 432.000,"2 noches, 1 adulto",Villa de 2 dormitorios,"2 camas
(1 doble, 1 doble grande)",,No,No,Si,No,lodges,Si,No,No,No,Si,No,No,No,No,No,Si,Si,Si,No,No,No,No,No,No
63,El Romeron Casa de Campo,Agosto,14,16,San Francisco,COP 380.000,"2 noches, 1 adulto",Habitación Doble con balcón (2 adultos + 1 niño),"2 camas
(1 individual, 1 doble grande)","9,7",No,No,No,No,Casas_Rurales,Si,No,No,No,No,No,No,No,No,No,No,No,Si,No,No,No,No,No,No
64,AGUA VIVA CASA DE CAMPO,Agosto,14,16,La Vega,COP 280.000,"2 noches, 1 adulto",Suite,"3 camas
(1 individual, 1 doble, 1 sofá cama)",,No,No,No,No,Hoteles,No,No,No,No,No,No,No,No,No,No,Si,No,No,Si,Si,Si,No,No,No
65,FINCA DE DESCANSO RELAJACION Y DIVERSION,Agosto,14,16,La Vega,COP 1.680.000,"2 noches, 1 adulto",Habitación Doble - 1 o 2 camas,"9 camas
(4 individuales, 4 dobles, 1 doble grande)",,No,No,No,No,lodges,No,Si,No,No,No,No,No,No,No,No,No,Si,No,No,No,Si,No,No,No
66,Villa del Río Dulce Cabañas,Agosto,14,16,Villeta,COP 700.000,"2 noches, 1 adulto",Apartamento,,,No,No,Si,No,lodges,No,Si,No,No,No,No,No,No,No,No,No,Si,No,No,Si,Si,No,No,No
67,Finca Los Leones,Agosto,14,16,La Vega,COP 900.000,"2 noches, 1 adulto",Habitación Doble con vistas al parque,"7 camas
(4 individuales, 3 dobles)","8,9",No,No,Si,No,Casas_y_Chalet,Si,No,No,Si,Si,No,No,No,No,No,Si,Si,No,No,Si,No,No,No,No
68,Glamping Tierra Dulce,Agosto,14,16,Supatá,COP 600.000,"2 noches, 1 adulto",Tienda,1 cama doble,"9,5",No,No,Si,Si,Tented_camps,Si,Si,No,No,Si,No,No,No,No,No,Si,Si,Si,No,No,Si,No,No,No
69,Acualandia Fish,Agosto,14,16,Sasaima,COP 320.000,"2 noches, 1 adulto",Habitación Familiar con baño compartido,"3 camas
(2 individuales, 1 doble)","8,3",No,No,No,Si,Agroturismo,Si,No,No,Si,Si,No,No,No,No,No,Si,No,Si,Si,No,No,Si,No,No
70,Espectacular casa campestre,Agosto,14,16,La Vega,COP 840.000,"2 noches, 1 adulto",Villa con piscina privada,"6 camas
(4 individuales, 1 doble, 1 doble grande)","8,6",No,No,Si,No,Villas,No,Si,No,No,No,No,No,No,No,No,Si,No,Si,No,No,No,No,No,Si
71,casa san francisco,Agosto,14,16,San Francisco,COP 80.000,"2 noches, 1 adulto",Chalet,"14 camas
(10 individuales, 4 dobles)",,No,No,No,No,Casas_Rurales,Si,No,No,No,No,No,No,No,No,No,Si,Si,No,No,No,No,Si,No,No
72,Glamping El Establo,Agosto,14,16,San Francisco,COP 310.000,"2 noches, 1 adulto",Tienda,"3 camas
(2 individuales, 1 doble grande)","9,3",No,No,No,Si,Camping,Si,No,No,No,Si,No,No,No,No,No,No,Si,Si,Si,No,Si,Si,Si,No
73,Zoque bosque de niebla,Agosto,14,16,San Francisco,COP 700.000,"2 noches, 1 adulto",Habitación Deluxe (2 adultos + 1 niño),1 cama doble grande,,No,No,No,No,lodges,Si,No,No,No,No,No,No,No,No,No,No,No,Si,Si,No,Si,No,No,No
74,Lomar Sol & Luna,Agosto,14,16,Sasaima,COP 800.000,"2 noches, 1 adulto",Habitación Familiar con vistas a la montaña,"6 camas
(5 literas, 1 doble grande)",,No,No,No,No,Hoteles,No,No,No,No,Si,No,No,No,No,No,Si,Si,No,No,No,Si,No,No,No
75,Lomar Sol & Luna,Agosto,14,16,Sasaima,COP 800.000,"2 noches, 1 adulto",Habitación Familiar con vistas a la montaña,"6 camas
(5 literas, 1 doble grande)",,No,No,No,No,,No,No,No,No,No,No,No,No,No,No,No,No,No,No,No,No,No,No,No
76,CASA RURAL LA PRIMAVERA GUADUAS,Agosto,14,16,Guaduas,COP 700.000,"2 noches, 1 adulto",Casa de 4 dormitorios,"8 camas
(2 individuales, 1 doble, 4 literas, 1 doble grande)",,No,No,No,No,Casas_y_Chalet,Si,Si,No,Si,Si,No,No,No,No,No,No,No,No,No,No,No,No,No,No
77,Cabañas Cuatro Caminos,Agosto,14,16,San Francisco,COP 798.000,"2 noches, 1 adulto",Villa de 2 dormitorios,3 camas dobles,,No,No,No,No,Casas_Rurales,No,No,No,No,No,No,No,No,No,No,No,Si,No,No,No,No,No,No,No
78,Aire Libre Cabañas,Agosto,14,16,San Francisco,COP 192.000,"2 noches, 1 adulto",Habitación Doble con vistas a la montaña,1 cama doble,"9,8",No,No,No,No,Casas_Rurales,No,No,No,No,No,No,No,No,No,No,No,No,Si,No,No,No,No,No,No
79,Villa Elena Finca Sasaima,Agosto,14,16,Sasaima,COP 1.050.000,"2 noches, 1 adulto",Villa Deluxe,"7 camas
(1 doble, 1 doble extragrande, 5 dobles grandes)",,No,No,No,No,Villas,Si,No,No,No,No,No,No,No,No,No,No,Si,Si,No,No,No,No,No,No
80,Primavera Ecoalbergue,Agosto,14,16,La Vega,COP 480.000,"2 noches, 1 adulto",Bungalow de 2 dormitorios,"4 camas
(1 individual, 1 doble, 2 literas)","8,5",No,No,No,Si,Agroturismo,Si,No,No,Si,No,No,No,No,No,No,No,Si,No,No,No,No,No,No,No
81,Finca Tanabucá,Agosto,14,16,La Vega,COP 720.000,"2 noches, 1 adulto",Casa de 3 habitaciones,"7 camas
(3 individuales, 1 doble extragrande, 1 sofá cama, 2 dobles grandes)","8,9",No,No,No,No,Casas_y_Chalet,Si,No,No,No,No,No,No,No,No,No,No,Si,No,No,No,No,No,No,No
82,Casa Cacao,Agosto,14,16,Sasaima,COP 480.000,"2 noches, 1 adulto",Habitación Doble - 2 camas,2 camas individuales,"9,6",No,No,No,No,Casas_Rurales,Si,No,No,No,No,No,No,No,No,No,No,No,No,No,No,No,No,No,No
83,Fantastic country estate with an unbelievable view of the mountains,Agosto,14,16,La Vega,COP 969.740,"2 noches, 1 adulto",Casa,"11 camas
(6 individuales, 4 dobles, 1 sofá cama)",,No,No,No,No,Casas_y_Chalet,No,No,No,No,No,No,No,No,No,No,No,Si,Si,No,No,No,No,No,No
84,Mandala Hotel Concept,Agosto,14,16,Villeta,COP 1.170.000,"2 noches, 1 adulto",Estudio con cama extragrande y sofá cama,"3 camas
(1 individual, 1 sofá cama, 1 doble grande)","9,0",No,No,No,No,Hoteles,Si,No,No,Si,Si,No,No,No,No,No,No,No,No,Si,No,Si,Si,Si,No
85,Glamping MagicLove,Agosto,14,16,San Francisco,COP 800.000,"2 noches, 1 adulto",Tienda,1 cama doble grande,,No,No,No,Si,Tented_camps,No,No,No,No,No,No,No,No,No,No,No,No,No,No,No,No,No,No,No
86,Villas del Río-Finca Hotel,Agosto,14,16,San Francisco,COP 400.000,"2 noches, 1 adulto",Habitación Deluxe - 1 cama grande,1 cama doble,"9,4",No,No,No,Si,Camping,Si,No,No,No,Si,No,No,No,No,No,No,No,Si,Si,No,Si,No,No,Si
87,Shangri-la,Agosto,14,16,San Francisco,COP 486.000,"2 noches, 1 adulto",Habitación Doble - 2 camas,1 cama doble grande,,No,No,No,No,Hoteles,Si,Si,No,No,No,No,No,No,No,No,No,No,Si,Si,No,No,Si,Si,No
88,Posada Aventura,Agosto,14,16,Pacho,COP 140.000,"2 noches, 1 adulto",Habitación Doble grande - 2 camas,2 camas individuales,"9,2",No,No,No,No,Casas_Rurales,No,No,No,No,No,No,No,No,No,No,No,Si,Si,No,No,No,No,No,No
89,Villa Laura finca de recreo,Agosto,14,16,San Francisco,COP 360.000,"2 noches, 1 adulto",Habitación Familiar Superior,"6 camas
(5 individuales, 1 doble grande)",,No,No,No,No,Casas_Rurales,No,No,No,No,No,No,No,No,No,No,No,Si,No,No,No,No,No,No,No
90,Cabaña finca Colibri,Agosto,14,16,San Francisco,COP 200.000,"2 noches, 1 adulto",Habitación Doble con balcón,1 cama individual,,No,No,No,Si,Tented_camps,No,No,No,No,No,No,No,No,No,No,No,No,No,No,No,No,No,No,No
91,Hotel Nueva Ardenza,Agosto,14,16,San Francisco,COP 120.000,"2 noches, 1 adulto",Habitación Doble Deluxe - 1 o 2 camas,1 cama doble,"8,6",No,No,No,No,Hoteles,Si,No,No,No,No,No,No,No,No,No,No,No,No,Si,No,Si,No,No,No
92,El Rinconcito Feliz,Agosto,14,16,San Francisco,COP 400.000,"2 noches, 1 adulto",Apartamento de 3 dormitorios,"7 camas
(1 individual, 2 dobles, 3 literas, 1 sofá cama)","8,5",No,No,No,No,Apartamentos,Si,No,No,No,Si,No,No,No,No,No,No,No,No,No,No,Si,No,No,No
93,Casa Tramonti Natura,Agosto,14,16,San Francisco,COP 240.000,"2 noches, 1 adulto",Habitación Familiar con balcón,"2 camas
(1 individual, 1 doble)",,No,No,No,No,Casas_Rurales,No,No,No,No,No,No,No,No,No,No,No,No,No,No,No,No,No,No,No
94,Cabaña Colibri,Agosto,14,16,San Francisco,COP 180.000,"2 noches, 1 adulto",Tienda,1 cama doble,,No,No,No,Si,Tented_camps,Si,No,No,No,Si,No,No,No,No,No,No,No,No,No,No,No,No,No,No
95,Villa Linda,Agosto,14,16,San Francisco,COP 210.000,"2 noches, 1 adulto",Habitación Familiar con baño privado,"2 camas
(1 individual, 1 doble)","8,5",No,No,No,No,Casas_Rurales,Si,No,No,Si,No,No,No,No,No,No,No,No,No,No,No,No,No,No,No
96,Naturaleza en armonia,Agosto,14,16,San Francisco,COP 240.000,"2 noches, 1 adulto",Habitación Doble con baño privado,1 cama individual,,No,No,No,No,lodges,Si,No,No,No,No,No,No,No,No,No,No,No,No,No,No,No,No,No,No
97,Finca Loma Linda,Agosto,14,16,San Francisco,COP 1.100.000,"2 noches, 1 adulto",Casa de 4 dormitorios,"10 camas
(3 individuales, 2 sofás cama, 5 dobles grandes)","8,8",No,No,No,No,Casas_y_Chalet,Si,Si,No,No,No,No,No,No,No,No,No,No,No,No,No,No,No,No,No
98,Cabaña Okavango,Agosto,14,16,San Francisco,COP 480.000,"2 noches, 1 adulto",Casa de 3 habitaciones,"5 camas
(2 individuales, 1 doble, 2 literas)",,No,No,No,No,Casas_y_Chalet,No,No,No,No,No,No,No,No,No,No,No,No,No,No,No,No,No,No,No
99,Entre Palos Eco Refugio,Agosto,14,16,San Francisco,COP 780.000,"2 noches, 1 adulto",Habitación con cama grande y vistas al jardín,"2 camas
(1 doble extragrande, 1 sofá cama)","9,5",No,No,No,No,Casas_Rurales,No,No,No,No,Si,No,No,No,No,No,No,No,No,Si,No,No,No,No,No
100,Hotel Campestre Los Almendros,Agosto,14,16,Villeta,COP 280.000,"2 noches, 1 adulto",Habitación Deluxe,1 cama doble,"6,8",No,No,No,No,lodges,No,No,No,Si,No,No,No,No,No,No,No,No,No,Si,No,Si,Si,No,No
101,Entre Palos Eco Refugio,Agosto,14,16,San Francisco,COP 780.000,"2 noches, 1 adulto",Habitación con cama grande y vistas al jardín,"2 camas
(1 doble extragrande, 1 sofá cama)","9,5",No,No,No,No,,No,No,No,No,No,No,No,No,No,No,No,No,No,No,No,No,No,No,No
102,Finca California,Agosto,14,16,San Francisco,COP 800.000,"2 noches, 1 adulto",Villa Estándar,"7 camas
(1 individual, 3 dobles, 3 literas)",,No,No,No,No,lodges,No,No,No,No,No,No,No,No,No,No,No,No,No,No,No,No,Si,No,No
103,Apolonia Boutique,Agosto,14,16,Guaduas,COP 240.000,"2 noches, 1 adulto",Habitación Doble,1 cama doble,"8,2",No,No,No,No,Hoteles,No,No,No,No,No,No,No,No,No,No,No,No,No,No,No,No,No,No,No
104,Hotel Shalom PHE Guaduas,Agosto,14,16,Guaduas,COP 132.000,"2 noches, 1 adulto",Habitación Doble,1 cama doble,"8,5",No,No,No,No,Hoteles,No,No,No,No,No,No,No,No,No,No,No,No,No,Si,No,Si,No,No,No
105,Cabaña Encanto de Luna,Agosto,14,16,San Francisco,COP 450.000,"2 noches, 1 adulto",Chalet de 1 dormitorio,1 cama doble,,No,No,No,No,Chalets_Montaña,No,No,No,No,No,No,No,No,No,No,No,No,No,No,No,No,No,No,No
106,Hotel Casa Blanca,Agosto,14,16,Guaduas,COP 917.020,"2 noches, 1 adulto",Habitación Doble con balcón - 2 camas,2 camas dobles,"9,1",No,No,No,No,Hoteles,No,Si,No,No,No,No,No,No,No,No,No,No,No,No,No,Si,No,No,No
107,Casa Ensueño Hogar Boutique,Agosto,14,16,Guaduas,COP 320.000,"2 noches, 1 adulto",Habitación Doble,1 cama doble grande,"9,3",No,No,No,No,Hoteles,No,Si,No,No,Si,No,No,No,No,No,No,No,No,No,No,Si,Si,Si,No
108,Quinta Baroe,Agosto,14,16,Guaduas,COP 240.000,"2 noches, 1 adulto",Casa de 1 dormitorio,1 cama individual,"8,9",No,No,No,No,Casas_y_Chalet,No,No,No,Si,No,No,No,No,No,No,No,No,No,No,No,No,No,No,No
109,Villa Apolonia,Agosto,14,16,Guaduas,COP 130.000,"2 noches, 1 adulto",Habitación Doble - 2 camas,1 cama individual,"8,7",No,No,No,No,Hostales_pensiones,No,No,No,Si,No,No,No,No,No,No,No,No,No,No,No,No,Si,No,No
110,hospedaje vale y santi,Agosto,14,16,Guaduas,COP 80.000,"2 noches, 1 adulto",Habitación Deluxe - 1 cama grande,1 cama doble,,No,No,No,No,Hoteles,No,No,No,No,No,No,No,No,No,No,No,No,No,No,No,No,No,No,No
111,Hostel La Casona 1859,Agosto,14,16,Guaduas,COP 50.000,"2 noches, 1 adulto",Habitación Doble,1 cama doble,"8,7",No,No,No,No,,No,No,No,Si,Si,No,No,No,No,No,No,No,No,No,No,Si,No,No,No
112,La Casa de la Abuela,Agosto,14,16,Guaduas,COP 150.000,"2 noches, 1 adulto",Habitación Triple,"3 camas
(2 individuales, 1 doble)","9,5",No,No,No,No,Hoteles,No,No,No,No,Si,No,No,No,No,No,No,No,No,No,No,No,No,No,No
113,La Rosa Nautica Hostel,Agosto,14,16,Guaduas,COP 180.000,"2 noches, 1 adulto",Habitación Doble,1 cama doble,"8,9",No,No,No,No,,No,No,No,No,No,No,No,No,No,No,No,No,No,No,No,No,No,No,No
114,CasaSantander.,Agosto,14,16,Guaduas,COP 154.000,"2 noches, 1 adulto",Habitación Individual,1 cama individual,,No,No,No,Si,Habitaciones_en_Casas,No,No,No,No,No,No,No,No,No,No,No,No,No,No,No,No,No,No,No
115,El Portón de Enriqueta,Agosto,14,16,Guaduas,COP 240.340,"2 noches, 1 adulto",Habitación Doble,1 cama doble,"9,3",No,No,No,No,Hoteles,No,No,No,No,No,No,No,No,No,No,No,No,No,No,No,No,No,No,No
116,Hotel Tacuara,Agosto,14,16,Guaduas,COP 284.000,"2 noches, 1 adulto",Habitación Doble,1 cama doble,"7,1",No,No,No,No,Hoteles,No,No,No,Si,Si,No,No,No,No,No,No,No,No,No,No,No,Si,No,Si
117,Casa Dornella - Casa de Hospedaje,Agosto,14,16,Guaduas,COP 260.000,"2 noches, 1 adulto",Habitación Doble,1 cama doble,"9,3",No,No,No,No,Hostales_pensiones,No,No,No,No,No,No,No,No,No,No,No,No,No,No,No,No,No,No,No
118,Cabañas la Odisea,Agosto,14,16,Bogotá,COP 1.040.000,"2 noches, 1 adulto",Casa de 2 dormitorios,"4 camas
(2 individuales, 2 dobles)",,No,No,No,No,Casas_y_Chalet,No,No,No,No,No,No,No,No,No,No,No,No,No,No,No,No,No,No,No
119,Salvia Glamping,Agosto,14,16,San Francisco,COP 800.000,"2 noches, 1 adulto",Habitación Doble con baño privado,1 cama doble,"8,3",No,No,No,Si,Tented_camps,No,No,No,No,No,No,No,No,No,No,No,No,No,No,No,No,No,No,No
120,San Juan de los Guayabos,Agosto,14,16,Guaduas,COP 340.000,"2 noches, 1 adulto",Habitación Doble Deluxe (2 adultos + 1 niño),1 cama doble,,No,No,No,No,Hostales_pensiones,No,No,No,No,Si,No,No,No,No,No,No,No,No,No,No,No,Si,No,No
121,Desiderata Resort,Agosto,14,16,Guaduas,COP 218.000,"2 noches, 1 adulto",Habitación Doble,1 cama doble,"7,8",No,No,No,No,Hoteles,No,No,No,Si,No,No,No,No,No,No,No,No,No,No,No,Si,Si,No,No
122,Casa Pacha,Agosto,14,16,Guaduas,COP 130.000,"2 noches, 1 adulto",Habitación Doble con baño privado,1 cama doble,"8,5",No,No,No,No,Hostales_pensiones,No,No,No,No,No,No,No,No,No,No,No,No,No,No,No,No,No,No,No
