,name,Mes,Dia Inicio,Dia Final,location,price,price_for,room_type,beds,rating,Hoteles+otros,Albergues+Alojamientos_Compartidos,Apartamentos+casas,Originales+Aire_Libre,Tipo_de_Alojamiento,Senderismo,Bañera,Baño_al_Aire_libre,Baño_publico,Tours_a_pie,Ciclismo,Parque_acuatico,Equitación,Parking,Habitaciones_Familiares,Habitaciones_No_Fumadores,Admite_Mascotas,Wifi_gratis,Restaurantes,Piscina,Servicio_Habitaciones,Adaptado_Movilidad_reducida,Spa_Y Centro_Bienestar,Gimnasio
0,Altozano Cabañas Nimaima,,,,Nimaima Mostrar en el mapa,COP 200.000,"2 noches, 1 adulto",Habitación Doble con baño privado,1 cama doble,,,,,,,,,,,,,,,,,,,,,,,,,
1,TierraViva,,,,Tobia Mostrar en el mapa,COP 120.000,"2 noches, 1 adulto",Habitación Doble con baño compartido - 1 o 2 camas,2 literas,"9,6",,,,,,,,,,,,,,,,,,,,,,,,
2,Finca Jerusalen,,,,Tobia Mostrar en el mapa,COP 192.000,"2 noches, 1 adulto",Habitación Doble,1 cama doble,"8,2",,,,,,,,,,,,,,,,,,,,,,,,
3,Piioneros Nocaima,,,,Nocaima Mostrar en el mapa,COP 400.000,"2 noches, 1 adulto",Habitación Doble - 2 camas,2 camas dobles,,,,,,,,,,,,,,,,,,,,,,,,,
4,Hotel Campestre La Gaitana,,,,Tobia Mostrar en el mapa,COP 360.000,"2 noches, 1 adulto",Habitación Doble,1 cama doble,"8,2",,,,,,,,,,,,,,,,,,,,,,,,
5,JÖST La Vega Casa piscina natural. Pet friendly,,,,La Vega Mostrar en el mapa,COP 520.000,"2 noches, 1 adulto",Chalet de 3 dormitorios,"4 camas
(2 individuales, 2 dobles)",,,,,,,,,,,,,,,,,,,,,,,,,
6,Casa Campestre Condominio Bellavista,,,,Tobia Mostrar en el mapa,COP 2.200.000,"2 noches, 1 adulto",Casa de 4 dormitorios,"10 camas
(7 individuales, 3 dobles)","9,6",,,,,,,,,,,,,,,,,,,,,,,,
7,Finca kenya,,,,La Vega Mostrar en el mapa,COP 1.980.000,"2 noches, 1 adulto",Casa de 6 dormitorios,"6 camas
(3 dobles extragrandes, 3 dobles grandes)",,,,,,,,,,,,,,,,,,,,,,,,,
8,Hotel La Selva Agroecologica,,,,La Vega Mostrar en el mapa,COP 290.000,"2 noches, 1 adulto",Habitación Doble Estándar,1 cama doble,"9,3",,,,,,,,,,,,,,,,,,,,,,,,
9,Grand H&R Casa 3,,,,Villeta Mostrar en el mapa,COP 1.400.000,"2 noches, 1 adulto",Casa,"7 camas
(4 dobles, 3 dobles extragrandes)",,,,,,,,,,,,,,,,,,,,,,,,,
10,BOHIO FAMILIAR CONFORTABLE EN VILLETA,,,,Villeta Mostrar en el mapa,COP 1.630.000,"2 noches, 1 adulto",Villa,"9 camas
(4 individuales, 4 dobles, 1 doble extragrande)",,,,,,,,,,,,,,,,,,,,,,,,,
11,Grand H&R Casa 13,,,,Villeta Mostrar en el mapa,COP 1.550.000,"2 noches, 1 adulto",Casa,"7 camas
(1 individual, 4 dobles, 2 dobles extragrandes)",,,,,,,,,,,,,,,,,,,,,,,,,
12,"El Paraiso, Casa Campestre en Condominio, Villeta",,,,Villeta Mostrar en el mapa,COP 1.350.000,"2 noches, 1 adulto",Villa de 2 dormitorios,"6 camas
(4 individuales, 2 dobles)","9,3",,,,,,,,,,,,,,,,,,,,,,,,
13,Duck House,,,,La Vega Mostrar en el mapa,COP 242.000,"2 noches, 1 adulto",Habitación Doble Estándar con baño compartido,1 cama doble,"8,6",,,,,,,,,,,,,,,,,,,,,,,,
14,Hostal Villa Canela,,,,Utica Mostrar en el mapa,COP 80.000,"2 noches, 1 adulto",Habitación Doble Estándar,1 cama doble,"9,3",,,,,,,,,,,,,,,,,,,,,,,,
15,Hotel Campestre El Escape,,,,Utica Mostrar en el mapa,COP 107.400,"2 noches, 1 adulto",Habitación Cuádruple Estándar,"3 camas
(1 doble, 2 literas)","7,4",,,,,,,,,,,,,,,,,,,,,,,,
16,Dosis Verde,,,,Utica Mostrar en el mapa,COP 240.000,"2 noches, 1 adulto",Habitación cuádruple,"3 camas
(1 doble, 2 literas)","7,8",,,,,,,,,,,,,,,,,,,,,,,,
17,Hotel spa Excalibur,,,,Villeta Mostrar en el mapa,COP 720.000,"2 noches, 1 adulto",Habitación Doble con baño privado,1 cama doble,,,,,,,,,,,,,,,,,,,,,,,,,
18,No Sólo Río,,,,La Vega Mostrar en el mapa,COP 640.000,"2 noches, 1 adulto",Chalet de 1 dormitorio,"2 camas
(1 sofá cama, 1 doble grande)","9,8",,,,,,,,,,,,,,,,,,,,,,,,
19,Casa Campestre Longares,,,,Villeta Mostrar en el mapa,COP 240.000,"2 noches, 1 adulto",Apartamento Estándar,1 cama doble,"8,6",,,,,,,,,,,,,,,,,,,,,,,,
20,Finca Pozo Azul,,,,La Vega Mostrar en el mapa,COP 300.000,"2 noches, 1 adulto",Habitación Deluxe,1 cama doble,"8,5",,,,,,,,,,,,,,,,,,,,,,,,
21,Casa Campestre El Edén,,,,Villeta Mostrar en el mapa,COP 300.000,"2 noches, 1 adulto",Suite con vistas a la montaña,1 cama doble,,,,,,,,,,,,,,,,,,,,,,,,,
22,Hospedaje en Altos del Tabacal,,,,La Vega Mostrar en el mapa,COP 640.000,"2 noches, 1 adulto",Chalet,1 cama doble,,,,,,,,,,,,,,,,,,,,,,,,,
23,Hotel Campestre la Vega Inn,,,,La Vega Mostrar en el mapa,COP 240.000,"2 noches, 1 adulto",Habitación Doble,1 cama doble,"7,8",,,,,,,,,,,,,,,,,,,,,,,,
24,Hotel La Puerta del Sol,,,,La Vega Mostrar en el mapa,COP 260.000,"2 noches, 1 adulto",Habitación Doble,1 cama doble,"8,5",,,,,,,,,,,,,,,,,,,,,,,,
25,Hotel Turístico Victoria Real,,,,La Vega Mostrar en el mapa,COP 200.000,"2 noches, 1 adulto",Habitación Doble con baño privado,1 cama doble,"7,7",,,,,,,,,,,,,,,,,,,,,,,,
26,Hotel Guacana,,,,La Vega Mostrar en el mapa,COP 96.000,"2 noches, 1 adulto",Habitación Triple con baño privado,2 camas individuales,"7,5",,,,,,,,,,,,,,,,,,,,,,,,
27,El Cafetero,,,,Sasaima Mostrar en el mapa,COP 480.000,"2 noches, 1 adulto",Camarote Familiar,8 literas,,,,,,,,,,,,,,,,,,,,,,,,,
28,Hotel El Ancla,,,,La Vega Mostrar en el mapa,COP 340.000,"2 noches, 1 adulto",Habitación Doble,1 cama doble,"8,2",,,,,,,,,,,,,,,,,,,,,,,,
29,El Tambo Eco Hotel,,,,La Vega Mostrar en el mapa,COP 250.000,"2 noches, 1 adulto",Habitación Doble Económica,1 cama doble,"9,0",,,,,,,,,,,,,,,,,,,,,,,,
30,Hotel Playa By Marbar Hoteles,,,,Villeta Mostrar en el mapa,COP 350.000,"2 noches, 1 adulto",Habitación Doble Pequeña,1 cama individual,"8,0",,,,,,,,,,,,,,,,,,,,,,,,
31,PISTA MARIO KARTS VERGARA,,,,La Vega Mostrar en el mapa,COP 400.000,"2 noches, 1 adulto",Parcela,1 futón,,,,,,,,,,,,,,,,,,,,,,,,,
32,Natural Hotel de La Vega,,,,La Vega Mostrar en el mapa,COP 319.000,"2 noches, 1 adulto",Habitación Doble Económica,1 cama doble,"8,3",,,,,,,,,,,,,,,,,,,,,,,,
33,Villeta Resort Hotel,,,,Villeta Mostrar en el mapa,COP 487.160,"2 noches, 1 adulto",Habitación Doble - 2 camas,2 camas individuales,"7,9",,,,,,,,,,,,,,,,,,,,,,,,
34,el tambo,,,,La Vega Mostrar en el mapa,COP 400.000,"2 noches, 1 adulto",Habitación Doble - 2 camas dobles,2 camas dobles,,,,,,,,,,,,,,,,,,,,,,,,,
35,HOSTERIA VILLA DE ALCOCER,,,,Villeta Mostrar en el mapa,COP 80.000,"2 noches, 1 adulto",Cama en habitación compartida de 8 camas,1 cama individual,"9,1",,,,,,,,,,,,,,,,,,,,,,,,
36,Hotel Viena,,,,Villeta Mostrar en el mapa,COP 342.000,"2 noches, 1 adulto",Suite Junior,1 cama doble grande,,,,,,,,,,,,,,,,,,,,,,,,,
37,FINCA EL PARAISO,,,,Villeta Mostrar en el mapa,COP 312.000,"2 noches, 1 adulto",Habitación Familiar con vistas a la montaña,10 camas individuales,"9,2",,,,,,,,,,,,,,,,,,,,,,,,
38,Home Boutique Natural Paradise,,,,La Vega Mostrar en el mapa,COP 700.000,"2 noches, 1 adulto",Habitación Doble - 2 camas dobles,2 camas dobles,"9,3",,,,,,,,,,,,,,,,,,,,,,,,
39,Dulce Morada Hostal,,,,Villeta Mostrar en el mapa,COP 60.000,"2 noches, 1 adulto",Litera en habitación compartida mixta con baño compartido,1 litera,"8,4",,,,,,,,,,,,,,,,,,,,,,,,
40,Casa de descanso villeta,,,,Villeta Mostrar en el mapa,COP 840.000,"2 noches, 1 adulto",Casa de 1 dormitorio,"8 camas
(2 individuales, 3 dobles, 2 literas, 1 sofá cama)",,,,,,,,,,,,,,,,,,,,,,,,,
41,Glamping en Container Sostenible CABINTAINER,,,,Supatá Mostrar en el mapa,COP 600.000,"2 noches, 1 adulto",Tienda,1 cama doble,,,,,,,,,,,,,,,,,,,,,,,,,
42,Hotel Alojamiento San Pedro In,,,,Villeta Mostrar en el mapa,COP 168.000,"2 noches, 1 adulto",Habitación Doble,1 cama doble,"8,0",,,,,,,,,,,,,,,,,,,,,,,,
43,Bellavista Campestre,,,,Villeta Mostrar en el mapa,COP 340.000,"2 noches, 1 adulto",Habitación Cuádruple Clásica,1 cama doble,"7,5",,,,,,,,,,,,,,,,,,,,,,,,
44,Hotel Campestre Macondo,,,,Villeta Mostrar en el mapa,COP 274.000,"2 noches, 1 adulto",Habitación Doble,1 cama doble,,,,,,,,,,,,,,,,,,,,,,,,,
45,Hotel Villeta Suite,,,,Villeta Mostrar en el mapa,COP 390.000,"2 noches, 1 adulto",Habitación Doble,1 cama doble,"7,8",,,,,,,,,,,,,,,,,,,,,,,,
46,Finca Miraflores (Cune),,,,Villeta Mostrar en el mapa,COP 2.000.000,"2 noches, 1 adulto",Casa de 3 habitaciones,"9 camas
(2 individuales, 3 dobles, 1 litera, 3 sofás cama)",,,,,,,,,,,,,,,,,,,,,,,,,
47,Hotel Zipa Villeta,,,,Villeta Mostrar en el mapa,COP 360.000,"2 noches, 1 adulto",Habitación Doble con baño privado,1 cama doble,"7,8",,,,,,,,,,,,,,,,,,,,,,,,
48,Apartamentos Balcones de León,,,,Villeta Mostrar en el mapa,COP 665.000,"2 noches, 1 adulto",Apartamento de 3 dormitorios,"5 camas
(3 individuales, 1 doble, 1 futón)",,,,,,,,,,,,,,,,,,,,,,,,,
49,Hotel Grand H&R,,,,Villeta Mostrar en el mapa,COP 226.900,"2 noches, 1 adulto",Habitación Doble Estándar,1 cama doble,"8,0",,,,,,,,,,,,,,,,,,,,,,,,
50,Juan de la Vega Hotel,,,,La Vega Mostrar en el mapa,COP 320.000,"2 noches, 1 adulto",Habitación Doble Estándar,1 cama doble,"7,9",,,,,,,,,,,,,,,,,,,,,,,,
51,La finca de Juancho,,,,Villeta Mostrar en el mapa,COP 300.000,"2 noches, 1 adulto",Habitación Doble con baño privado,1 cama doble,,,,,,,,,,,,,,,,,,,,,,,,,
52,Montaña Magica,,,,Villeta Mostrar en el mapa,COP 160.000,"2 noches, 1 adulto",Habitación Doble,1 cama individual,,,,,,,,,,,,,,,,,,,,,,,,,
53,Hotel Pacifico,,,,Villeta Mostrar en el mapa,COP 314.000,"2 noches, 1 adulto",Habitación Doble - 2 camas,1 cama doble grande,"8,4",,,,,,,,,,,,,,,,,,,,,,,,
54,aparta hotel montaña mágica,,,,Villeta Mostrar en el mapa,COP 240.000,"2 noches, 1 adulto",Apartamento Estudio,"3 camas
(2 dobles, 1 sofá cama)",,,,,,,,,,,,,,,,,,,,,,,,,
55,Hotel Hacienda El Diamante,,,,Villeta Mostrar en el mapa,COP 572.000,"2 noches, 1 adulto",Habitación Individual,"2 camas
(1 individual, 1 doble)","8,7",,,,,,,,,,,,,,,,,,,,,,,,
56,Finca Miraflores (Cune),,,,Villeta Mostrar en el mapa,COP 1.530.000,"2 noches, 1 adulto",Casa de 3 habitaciones,"9 camas
(1 individual, 4 dobles, 1 litera, 3 sofás cama)",,,,,,,,,,,,,,,,,,,,,,,,,
57,Finca Hotel Santa Rita,,,,Villeta Mostrar en el mapa,COP 1.100.000,"2 noches, 1 adulto",Chalet,"9 camas
(2 individuales, 7 dobles)",,,,,,,,,,,,,,,,,,,,,,,,,
58,La Finestra Spa Hotel Boutique,,,,La Vega Mostrar en el mapa,COP 592.000,"2 noches, 1 adulto",Habitación Doble,1 cama doble grande,"9,4",,,,,,,,,,,,,,,,,,,,,,,,
59,Cabaña Albisola,,,,La Vega Mostrar en el mapa,COP 700.000,"2 noches, 1 adulto",Habitación con cama grande y balcón,1 cama doble,"9,6",,,,,,,,,,,,,,,,,,,,,,,,
60,Luna Glamping Colombia,,,,El Peñón Mostrar en el mapa,COP 1.700.000,"2 noches, 1 adulto",Tienda,1 cama doble extragrande,,,,,,,,,,,,,,,,,,,,,,,,,
61,Finca Calusa,,,,Villeta Mostrar en el mapa,COP 720.000,"2 noches, 1 adulto",Habitación Cuádruple con baño privado,"3 camas
(2 individuales, 1 doble extragrande)","7,9",,,,,,,,,,,,,,,,,,,,,,,,
62,Hotel Rio Alto,,,,Villeta Mostrar en el mapa,COP 300.000,"2 noches, 1 adulto",Habitación Doble - 2 camas,2 camas individuales,,,,,,,,,,,,,,,,,,,,,,,,,
63,VILLETA-SUITE 3PAX - FINCA ECOTURÍSTICA,,,,Villeta Mostrar en el mapa,COP 560.000,"2 noches, 1 adulto",Habitación Triple con baño,3 camas individuales,,,,,,,,,,,,,,,,,,,,,,,,,
64,Espectacular casa campestre,,,,La Vega Mostrar en el mapa,COP 840.000,"2 noches, 1 adulto",Villa con piscina privada,"6 camas
(4 individuales, 1 doble, 1 doble grande)","8,6",,,,,,,,,,,,,,,,,,,,,,,,
65,Glamping Tierra Dulce,,,,Supatá Mostrar en el mapa,COP 600.000,"2 noches, 1 adulto",Tienda,1 cama doble,"9,5",,,,,,,,,,,,,,,,,,,,,,,,
66,Hogar en la Montaña Home Sweet Home,,,,La Vega Mostrar en el mapa,COP 150.000,"2 noches, 1 adulto",Habitación Doble - 2 camas,2 camas dobles,"9,2",,,,,,,,,,,,,,,,,,,,,,,,
67,Eco Glamping Aquamonti,,,,Supatá Mostrar en el mapa,COP 1.000.000,"2 noches, 1 adulto",Bungalow Deluxe,1 cama doble grande,10,,,,,,,,,,,,,,,,,,,,,,,,
68,Finca Villa Elenita,,,,Sasaima Mostrar en el mapa,COP 432.000,"2 noches, 1 adulto",Villa de 2 dormitorios,"2 camas
(1 doble, 1 doble grande)",,,,,,,,,,,,,,,,,,,,,,,,,
69,El Romeron Casa de Campo,,,,San Francisco Mostrar en el mapa,COP 1.080.000,"2 noches, 1 adulto",Casa de 4 dormitorios,"6 camas
(2 individuales, 3 dobles, 1 doble grande)","9,7",,,,,,,,,,,,,,,,,,,,,,,,
70,FINCA DE DESCANSO RELAJACION Y DIVERSION,,,,La Vega Mostrar en el mapa,COP 1.680.000,"2 noches, 1 adulto",Habitación Doble - 1 o 2 camas,"9 camas
(4 individuales, 4 dobles, 1 doble grande)",,,,,,,,,,,,,,,,,,,,,,,,,
71,AGUA VIVA CASA DE CAMPO,,,,La Vega Mostrar en el mapa,COP 280.000,"2 noches, 1 adulto",Suite,"3 camas
(1 individual, 1 doble, 1 sofá cama)",,,,,,,,,,,,,,,,,,,,,,,,,
72,Villa del Río Dulce Cabañas,,,,Villeta Mostrar en el mapa,COP 700.000,"2 noches, 1 adulto",Apartamento,,,,,,,,,,,,,,,,,,,,,,,,,,
73,Acualandia Fish,,,,Sasaima Mostrar en el mapa,COP 320.000,"2 noches, 1 adulto",Habitación Familiar con baño compartido,"3 camas
(2 individuales, 1 doble)","8,3",,,,,,,,,,,,,,,,,,,,,,,,
74,Finca Tanabucá,,,,La Vega Mostrar en el mapa,COP 480.000,"2 noches, 1 adulto",Casa de 3 habitaciones,"7 camas
(3 individuales, 1 doble extragrande, 1 sofá cama, 2 dobles grandes)","8,9",,,,,,,,,,,,,,,,,,,,,,,,
75,Glamping El Establo,,,,San Francisco Mostrar en el mapa,COP 280.000,"2 noches, 1 adulto",Tienda,"3 camas
(2 individuales, 1 doble grande)","9,3",,,,,,,,,,,,,,,,,,,,,,,,
76,La Casa del Arbol,,,,San Francisco Mostrar en el mapa,COP 340.000,"2 noches, 1 adulto",Habitación Doble,1 cama doble grande,"8,9",,,,,,,,,,,,,,,,,,,,,,,,
77,Zoque bosque de niebla,,,,San Francisco Mostrar en el mapa,COP 700.000,"2 noches, 1 adulto",Habitación Deluxe (2 adultos + 1 niño),1 cama doble grande,,,,,,,,,,,,,,,,,,,,,,,,,
78,Finca Agualinda,,,,San Francisco Mostrar en el mapa,COP 300.000,"2 noches, 1 adulto",Bungalow de 2 dormitorios,"4 camas
(2 dobles, 2 sofás cama)","9,4",,,,,,,,,,,,,,,,,,,,,,,,
79,casa san francisco,,,,San Francisco Mostrar en el mapa,COP 80.000,"2 noches, 1 adulto",Chalet,"14 camas
(10 individuales, 4 dobles)",,,,,,,,,,,,,,,,,,,,,,,,,
80,Lomar Sol & Luna,,,,Sasaima Mostrar en el mapa,COP 800.000,"2 noches, 1 adulto",Habitación Familiar con vistas a la montaña,"6 camas
(5 literas, 1 doble grande)",,,,,,,,,,,,,,,,,,,,,,,,,
81,CASA RURAL LA PRIMAVERA GUADUAS,,,,Guaduas Mostrar en el mapa,COP 700.000,"2 noches, 1 adulto",Casa de 4 dormitorios,"8 camas
(2 individuales, 1 doble, 4 literas, 1 doble grande)",,,,,,,,,,,,,,,,,,,,,,,,,
82,Cabañas Cuatro Caminos,,,,San Francisco Mostrar en el mapa,COP 798.000,"2 noches, 1 adulto",Villa de 2 dormitorios,3 camas dobles,,,,,,,,,,,,,,,,,,,,,,,,,
83,Aire Libre Cabañas,,,,San Francisco Mostrar en el mapa,COP 192.000,"2 noches, 1 adulto",Habitación Doble con vistas a la montaña,1 cama doble,"9,8",,,,,,,,,,,,,,,,,,,,,,,,
84,Villa Elena Finca Sasaima,,,,Sasaima Mostrar en el mapa,COP 1.050.000,"2 noches, 1 adulto",Villa Deluxe,"7 camas
(1 doble, 1 doble extragrande, 5 dobles grandes)",,,,,,,,,,,,,,,,,,,,,,,,,
85,Primavera Ecoalbergue,,,,La Vega Mostrar en el mapa,COP 480.000,"2 noches, 1 adulto",Bungalow de 2 dormitorios,"4 camas
(1 individual, 1 doble, 2 literas)","8,5",,,,,,,,,,,,,,,,,,,,,,,,
86,Casa Cacao,,,,Sasaima Mostrar en el mapa,COP 480.000,"2 noches, 1 adulto",Habitación Doble - 2 camas,2 camas individuales,"9,6",,,,,,,,,,,,,,,,,,,,,,,,
87,Fantastic country estate with an unbelievable view of the mountains,,,,La Vega Mostrar en el mapa,COP 678.760,"2 noches, 1 adulto",Casa,"11 camas
(6 individuales, 4 dobles, 1 sofá cama)",,,,,,,,,,,,,,,,,,,,,,,,,
88,Yuva Glamping,,,,San Francisco Mostrar en el mapa,COP 1.512.000,"2 noches, 1 adulto",Habitación Deluxe,1 cama doble grande,"9,6",,,,,,,,,,,,,,,,,,,,,,,,
89,Glamping MagicLove,,,,San Francisco Mostrar en el mapa,COP 800.000,"2 noches, 1 adulto",Tienda,1 cama doble grande,,,,,,,,,,,,,,,,,,,,,,,,,
90,Mandala Hotel Concept,,,,Villeta Mostrar en el mapa,COP 1.170.000,"2 noches, 1 adulto",Estudio con cama extragrande y sofá cama,"3 camas
(1 individual, 1 sofá cama, 1 doble grande)","9,1",,,,,,,,,,,,,,,,,,,,,,,,
91,Posada Aventura,,,,Pacho Mostrar en el mapa,COP 140.000,"2 noches, 1 adulto",Habitación Doble grande - 2 camas,2 camas individuales,"9,2",,,,,,,,,,,,,,,,,,,,,,,,
92,Villas del Río-Finca Hotel,,,,San Francisco Mostrar en el mapa,COP 700.000,"2 noches, 1 adulto",Habitación Deluxe - 1 cama grande,1 cama doble,"9,4",,,,,,,,,,,,,,,,,,,,,,,,
93,Shangri-la,,,,San Francisco Mostrar en el mapa,COP 486.000,"2 noches, 1 adulto",Habitación Doble - 2 camas,1 cama doble grande,,,,,,,,,,,,,,,,,,,,,,,,,
94,Cabaña Colibri,,,,San Francisco Mostrar en el mapa,COP 180.000,"2 noches, 1 adulto",Tienda,1 cama doble,,,,,,,,,,,,,,,,,,,,,,,,,
95,Hotel Nueva Ardenza,,,,San Francisco Mostrar en el mapa,COP 120.000,"2 noches, 1 adulto",Habitación Doble Deluxe - 1 o 2 camas,1 cama doble,"8,6",,,,,,,,,,,,,,,,,,,,,,,,
96,Villa Laura finca de recreo,,,,San Francisco Mostrar en el mapa,COP 360.000,"2 noches, 1 adulto",Habitación Familiar Superior,"6 camas
(5 individuales, 1 doble grande)",,,,,,,,,,,,,,,,,,,,,,,,,
97,Cabaña finca Colibri,,,,San Francisco Mostrar en el mapa,COP 200.000,"2 noches, 1 adulto",Habitación Doble con balcón,1 cama individual,,,,,,,,,,,,,,,,,,,,,,,,,
98,El Rinconcito Feliz,,,,San Francisco Mostrar en el mapa,COP 400.000,"2 noches, 1 adulto",Apartamento de 3 dormitorios,"7 camas
(1 individual, 2 dobles, 3 literas, 1 sofá cama)","8,5",,,,,,,,,,,,,,,,,,,,,,,,
99,Casa Tramonti Natura,,,,San Francisco Mostrar en el mapa,COP 240.000,"2 noches, 1 adulto",Habitación Familiar con balcón,"2 camas
(1 individual, 1 doble)",,,,,,,,,,,,,,,,,,,,,,,,,
100,Villa Linda,,,,San Francisco Mostrar en el mapa,COP 210.000,"2 noches, 1 adulto",Habitación Familiar con baño privado,"2 camas
(1 individual, 1 doble)","8,5",,,,,,,,,,,,,,,,,,,,,,,,
101,Naturaleza en armonia,,,,San Francisco Mostrar en el mapa,COP 240.000,"2 noches, 1 adulto",Habitación Doble con baño privado,1 cama individual,,,,,,,,,,,,,,,,,,,,,,,,,
102,Finca Loma Linda,,,,San Francisco Mostrar en el mapa,COP 1.100.000,"2 noches, 1 adulto",Casa de 4 dormitorios,"10 camas
(3 individuales, 2 sofás cama, 5 dobles grandes)","8,8",,,,,,,,,,,,,,,,,,,,,,,,
103,Entre Palos Eco Refugio,,,,San Francisco Mostrar en el mapa,COP 640.000,"2 noches, 1 adulto",Habitación con cama grande y vistas al jardín,"2 camas
(1 doble extragrande, 1 sofá cama)","9,5",,,,,,,,,,,,,,,,,,,,,,,,
104,Finca Jardín del agua,,,,Sasaima Mostrar en el mapa,COP 192.000,"2 noches, 1 adulto",Habitación Doble con baño privado,1 cama doble,"9,0",,,,,,,,,,,,,,,,,,,,,,,,
105,Hotel Campestre Los Almendros,,,,Villeta Mostrar en el mapa,COP 280.000,"2 noches, 1 adulto",Habitación Deluxe,1 cama doble,"6,8",,,,,,,,,,,,,,,,,,,,,,,,
106,Apolonia Boutique,,,,Guaduas Mostrar en el mapa,COP 194.600,"2 noches, 1 adulto",Habitación Doble,1 cama doble,"8,3",,,,,,,,,,,,,,,,,,,,,,,,
107,Hotel Casa Blanca,,,,Guaduas Mostrar en el mapa,COP 917.020,"2 noches, 1 adulto",Habitación Doble con balcón - 2 camas,2 camas dobles,"9,1",,,,,,,,,,,,,,,,,,,,,,,,
108,Hotel Shalom PHE Guaduas,,,,Guaduas Mostrar en el mapa,COP 132.000,"2 noches, 1 adulto",Habitación Doble,1 cama doble,"8,6",,,,,,,,,,,,,,,,,,,,,,,,
109,Casa Ensueño Hogar Boutique,,,,Guaduas Mostrar en el mapa,COP 320.000,"2 noches, 1 adulto",Habitación Doble,1 cama doble grande,"9,4",,,,,,,,,,,,,,,,,,,,,,,,
110,Quinta Baroe,,,,Guaduas Mostrar en el mapa,COP 240.000,"2 noches, 1 adulto",Casa de 1 dormitorio,1 cama individual,"8,9",,,,,,,,,,,,,,,,,,,,,,,,
111,Salvia Glamping,,,,San Francisco Mostrar en el mapa,COP 800.000,"2 noches, 1 adulto",Habitación Doble con baño privado,1 cama doble,"8,3",,,,,,,,,,,,,,,,,,,,,,,,
112,La Rosa Nautica Hostel,,,,Guaduas Mostrar en el mapa,COP 180.000,"2 noches, 1 adulto",Habitación Doble,1 cama doble,"8,9",,,,,,,,,,,,,,,,,,,,,,,,
113,Hostel La Casona 1859,,,,Guaduas Mostrar en el mapa,COP 50.000,"2 noches, 1 adulto",Habitación Doble,1 cama doble,"8,7",,,,,,,,,,,,,,,,,,,,,,,,
114,Desiderata Resort,,,,Guaduas Mostrar en el mapa,COP 180.000,"2 noches, 1 adulto",Habitación Doble,1 cama doble,"7,8",,,,,,,,,,,,,,,,,,,,,,,,
115,hospedaje vale y santi,,,,Guaduas Mostrar en el mapa,COP 80.000,"2 noches, 1 adulto",Habitación Deluxe - 1 cama grande,1 cama doble,,,,,,,,,,,,,,,,,,,,,,,,,
116,La Casa de la Abuela,,,,Guaduas Mostrar en el mapa,COP 100.000,"2 noches, 1 adulto",Habitación Doble - 2 camas,2 camas individuales,"9,5",,,,,,,,,,,,,,,,,,,,,,,,
117,Hotel Tacuara,,,,Guaduas Mostrar en el mapa,COP 284.000,"2 noches, 1 adulto",Habitación Doble,1 cama doble,"7,2",,,,,,,,,,,,,,,,,,,,,,,,
118,El Portón de Enriqueta,,,,Guaduas Mostrar en el mapa,COP 240.340,"2 noches, 1 adulto",Habitación Doble,1 cama doble,"9,3",,,,,,,,,,,,,,,,,,,,,,,,
119,CasaSantander.,,,,Guaduas Mostrar en el mapa,COP 154.000,"2 noches, 1 adulto",Habitación Individual,1 cama individual,,,,,,,,,,,,,,,,,,,,,,,,,
120,Casa Dornella - Casa de Hospedaje,,,,Guaduas Mostrar en el mapa,COP 260.000,"2 noches, 1 adulto",Habitación Doble,1 cama doble,"9,3",,,,,,,,,,,,,,,,,,,,,,,,
121,San Juan de los Guayabos,,,,Guaduas Mostrar en el mapa,COP 340.000,"2 noches, 1 adulto",Habitación Doble Deluxe (2 adultos + 1 niño),1 cama doble,,,,,,,,,,,,,,,,,,,,,,,,,
122,Cabañas la Odisea,,,,Bogotá Mostrar en el mapa,COP 1.040.000,"2 noches, 1 adulto",Casa de 2 dormitorios,"4 camas
(2 individuales, 2 dobles)",,,,,,,,,,,,,,,,,,,,,,,,,
123,Casa Pacha,,,,Guaduas Mostrar en el mapa,COP 130.000,"2 noches, 1 adulto",Habitación Doble con baño privado,1 cama doble,"8,5",,,,,,,,,,,,,,,,,,,,,,,,
