,name,Mes,Dia Inicio,Dia Final,location,price,price_for,room_type,beds,rating,Hoteles+otros,Albergues+Alojamientos_Compartidos,Apartamentos+casas,Originales+Aire_Libre,Tipo_de_Alojamiento,Senderismo,Bañera,Baño_al_Aire_libre,Baño_publico,Tours_a_pie,Ciclismo,Parque_acuatico,Equitación,Parking,Habitaciones_Familiares,Habitaciones_No_Fumadores,Admite_Mascotas,Wifi_gratis,Restaurantes,Piscina,Servicio_Habitaciones,Adaptado_Movilidad_reducida,Spa_Y Centro_Bienestar,Gimnasio
0,Altozano Cabañas Nimaima,,,,Nimaima Mostrar en el mapa,COP 200.000,"2 noches, 1 adulto",Habitación Doble con baño privado,1 cama doble,,,,,,,,,,,,,,,,,,,,,,,,,
1,Hotel Campestre La Gaitana,,,,Tobia Mostrar en el mapa,COP 360.000,"2 noches, 1 adulto",Habitación Doble,1 cama doble,"8,2",,,,,,,,,,,,,,,,,,,,,,,,
2,Piioneros Nocaima,,,,Nocaima Mostrar en el mapa,COP 400.000,"2 noches, 1 adulto",Habitación Doble - 2 camas,2 camas dobles,,,,,,,,,,,,,,,,,,,,,,,,,
3,Finca kenya,,,,La Vega Mostrar en el mapa,COP 2.190.000,"2 noches, 1 adulto",Casa de 6 dormitorios,"6 camas
(3 dobles extragrandes, 3 dobles grandes)",,,,,,,,,,,,,,,,,,,,,,,,,
4,BOHIO FAMILIAR CONFORTABLE EN VILLETA,,,,Villeta Mostrar en el mapa,COP 1.630.000,"2 noches, 1 adulto",Villa,"9 camas
(4 individuales, 4 dobles, 1 doble extragrande)",,,,,,,,,,,,,,,,,,,,,,,,,
5,Duck House,,,,La Vega Mostrar en el mapa,COP 264.000,"2 noches, 1 adulto",Habitación Doble Estándar con baño compartido,1 cama doble,"8,6",,,,,,,,,,,,,,,,,,,,,,,,
6,Hotel spa Excalibur,,,,Villeta Mostrar en el mapa,COP 720.000,"2 noches, 1 adulto",Habitación Doble,1 cama doble,,,,,,,,,,,,,,,,,,,,,,,,,
7,No Sólo Río,,,,La Vega Mostrar en el mapa,COP 640.000,"2 noches, 1 adulto",Chalet de 1 dormitorio,"2 camas
(1 sofá cama, 1 doble grande)","9,8",,,,,,,,,,,,,,,,,,,,,,,,
8,Casa Campestre Longares,,,,Villeta Mostrar en el mapa,COP 240.000,"2 noches, 1 adulto",Apartamento Estándar,1 cama doble,"8,6",,,,,,,,,,,,,,,,,,,,,,,,
9,Casa Campestre El Edén,,,,Villeta Mostrar en el mapa,COP 300.000,"2 noches, 1 adulto",Suite con vistas a la montaña,1 cama doble,,,,,,,,,,,,,,,,,,,,,,,,,
10,Villeta Boutique Hotel Spa,,,,Villeta Mostrar en el mapa,COP 496.820,"2 noches, 1 adulto",Habitación Doble Clásica,1 cama doble,"8,2",,,,,,,,,,,,,,,,,,,,,,,,
11,Hospedaje en Altos del Tabacal,,,,La Vega Mostrar en el mapa,COP 640.000,"2 noches, 1 adulto",Chalet,1 cama doble,,,,,,,,,,,,,,,,,,,,,,,,,
12,Hotel La Puerta del Sol,,,,La Vega Mostrar en el mapa,COP 260.000,"2 noches, 1 adulto",Habitación Doble,1 cama doble,"8,5",,,,,,,,,,,,,,,,,,,,,,,,
13,Hotel Turístico Victoria Real,,,,La Vega Mostrar en el mapa,COP 280.000,"2 noches, 1 adulto",Habitación Doble con baño privado,1 cama doble,"7,7",,,,,,,,,,,,,,,,,,,,,,,,
14,Hotel Guacana,,,,La Vega Mostrar en el mapa,COP 96.000,"2 noches, 1 adulto",Habitación Triple con baño privado,2 camas individuales,"7,5",,,,,,,,,,,,,,,,,,,,,,,,
15,El Cafetero,,,,Sasaima Mostrar en el mapa,COP 480.000,"2 noches, 1 adulto",Camarote Familiar,8 literas,,,,,,,,,,,,,,,,,,,,,,,,,
16,Hotel El Ancla,,,,La Vega Mostrar en el mapa,COP 340.000,"2 noches, 1 adulto",Habitación Doble,1 cama doble,"8,2",,,,,,,,,,,,,,,,,,,,,,,,
17,El Tambo Eco Hotel,,,,La Vega Mostrar en el mapa,COP 250.000,"2 noches, 1 adulto",Habitación Doble Económica,1 cama doble,"9,0",,,,,,,,,,,,,,,,,,,,,,,,
18,Hotel Playa By Marbar Hoteles,,,,Villeta Mostrar en el mapa,COP 350.000,"2 noches, 1 adulto",Habitación Doble Pequeña,1 cama individual,"8,0",,,,,,,,,,,,,,,,,,,,,,,,
19,PISTA MARIO KARTS VERGARA,,,,La Vega Mostrar en el mapa,COP 50.000,"2 noches, 1 adulto",Parcela,1 futón,,,,,,,,,,,,,,,,,,,,,,,,,
20,Natural Hotel de La Vega,,,,La Vega Mostrar en el mapa,COP 319.000,"2 noches, 1 adulto",Habitación Doble Económica,1 cama doble,"8,3",,,,,,,,,,,,,,,,,,,,,,,,
21,Villeta Resort Hotel,,,,Villeta Mostrar en el mapa,COP 487.160,"2 noches, 1 adulto",Habitación Doble - 2 camas,2 camas individuales,"7,9",,,,,,,,,,,,,,,,,,,,,,,,
22,el tambo,,,,La Vega Mostrar en el mapa,COP 400.000,"2 noches, 1 adulto",Habitación Doble Deluxe - 2 camas,2 camas individuales,,,,,,,,,,,,,,,,,,,,,,,,,
23,HOSTERIA VILLA DE ALCOCER,,,,Villeta Mostrar en el mapa,COP 80.000,"2 noches, 1 adulto",Cama en habitación compartida de 8 camas,1 cama individual,"9,1",,,,,,,,,,,,,,,,,,,,,,,,
24,Hotel Viena,,,,Villeta Mostrar en el mapa,COP 456.000,"2 noches, 1 adulto",Suite Junior,1 cama doble grande,,,,,,,,,,,,,,,,,,,,,,,,,
25,Home Boutique Natural Paradise,,,,La Vega Mostrar en el mapa,COP 700.000,"2 noches, 1 adulto",Habitación Doble Estándar,1 cama doble grande,"9,3",,,,,,,,,,,,,,,,,,,,,,,,
26,Glamping en Container Sostenible CABINTAINER,,,,Supatá Mostrar en el mapa,COP 600.000,"2 noches, 1 adulto",Tienda,1 cama doble,,,,,,,,,,,,,,,,,,,,,,,,,
27,Hotel Alojamiento San Pedro In,,,,Villeta Mostrar en el mapa,COP 168.000,"2 noches, 1 adulto",Habitación Doble,1 cama doble,"8,0",,,,,,,,,,,,,,,,,,,,,,,,
28,Hotel Campestre Macondo,,,,Villeta Mostrar en el mapa,COP 274.000,"2 noches, 1 adulto",Habitación Doble,1 cama doble,,,,,,,,,,,,,,,,,,,,,,,,,
29,Hotel Grand H&R,,,,Villeta Mostrar en el mapa,COP 327.740,"2 noches, 1 adulto",Habitación Doble,1 cama doble extragrande,"8,0",,,,,,,,,,,,,,,,,,,,,,,,
30,Apartamentos Balcones de León,,,,Villeta Mostrar en el mapa,COP 665.000,"2 noches, 1 adulto",Apartamento de 3 dormitorios,"5 camas
(3 individuales, 1 doble, 1 futón)",,,,,,,,,,,,,,,,,,,,,,,,,
31,La finca de Juancho,,,,Villeta Mostrar en el mapa,COP 300.000,"2 noches, 1 adulto",Habitación Doble con baño privado,1 cama doble,,,,,,,,,,,,,,,,,,,,,,,,,
32,Montaña Magica,,,,Villeta Mostrar en el mapa,COP 160.000,"2 noches, 1 adulto",Habitación Doble,1 cama individual,,,,,,,,,,,,,,,,,,,,,,,,,
33,Hotel Pacifico,,,,Villeta Mostrar en el mapa,COP 314.000,"2 noches, 1 adulto",Habitación Doble - 2 camas,1 cama doble grande,"8,4",,,,,,,,,,,,,,,,,,,,,,,,
34,aparta hotel montaña mágica,,,,Villeta Mostrar en el mapa,COP 240.000,"2 noches, 1 adulto",Apartamento Estudio,"3 camas
(2 dobles, 1 sofá cama)",,,,,,,,,,,,,,,,,,,,,,,,,
35,Finca Miraflores (Cune),,,,Villeta Mostrar en el mapa,COP 1.530.000,"2 noches, 1 adulto",Casa de 3 habitaciones,"9 camas
(1 individual, 4 dobles, 1 litera, 3 sofás cama)",,,,,,,,,,,,,,,,,,,,,,,,,
36,Finca Hotel Santa Rita,,,,Villeta Mostrar en el mapa,COP 480.000,"2 noches, 1 adulto",Habitación Triple con baño privado,"2 camas
(1 individual, 1 doble)",,,,,,,,,,,,,,,,,,,,,,,,,
37,La Finestra Spa Hotel Boutique,,,,La Vega Mostrar en el mapa,COP 592.000,"2 noches, 1 adulto",Habitación Doble,1 cama doble grande,"9,4",,,,,,,,,,,,,,,,,,,,,,,,
38,Cabaña Albisola,,,,La Vega Mostrar en el mapa,COP 700.000,"2 noches, 1 adulto",Habitación con cama grande y balcón,1 cama doble,"9,6",,,,,,,,,,,,,,,,,,,,,,,,
39,Luna Glamping Colombia,,,,El Peñón Mostrar en el mapa,COP 1.700.000,"2 noches, 1 adulto",Tienda,1 cama doble extragrande,,,,,,,,,,,,,,,,,,,,,,,,,
40,Finca Calusa,,,,Villeta Mostrar en el mapa,COP 720.000,"2 noches, 1 adulto",Habitación Cuádruple con baño privado,"3 camas
(2 individuales, 1 doble extragrande)","7,9",,,,,,,,,,,,,,,,,,,,,,,,
41,Hotel Rio Alto,,,,Villeta Mostrar en el mapa,COP 300.000,"2 noches, 1 adulto",Habitación Doble - 2 camas,2 camas individuales,,,,,,,,,,,,,,,,,,,,,,,,,
42,VILLETA-SUITE 3PAX - FINCA ECOTURÍSTICA,,,,Villeta Mostrar en el mapa,COP 560.000,"2 noches, 1 adulto",Habitación Triple con baño,3 camas individuales,,,,,,,,,,,,,,,,,,,,,,,,,
43,Villeta Vintage Casa hotel,,,,Villeta Mostrar en el mapa,COP 334.460,"2 noches, 1 adulto",Habitación Doble,1 cama doble,"8,7",,,,,,,,,,,,,,,,,,,,,,,,
44,Glamping Tierra Dulce,,,,Supatá Mostrar en el mapa,COP 600.000,"2 noches, 1 adulto",Tienda,1 cama doble,"9,5",,,,,,,,,,,,,,,,,,,,,,,,
45,El Pueblito - Amigos del Campo,,,,Sasaima Mostrar en el mapa,COP 453.780,"2 noches, 1 adulto",Habitación Familiar con baño,"2 camas
(1 doble, 1 litera)","8,9",,,,,,,,,,,,,,,,,,,,,,,,
46,Hogar en la Montaña Home Sweet Home,,,,La Vega Mostrar en el mapa,COP 150.000,"2 noches, 1 adulto",Habitación Doble - 2 camas,2 camas dobles,"9,2",,,,,,,,,,,,,,,,,,,,,,,,
47,Eco Glamping Aquamonti,,,,Supatá Mostrar en el mapa,COP 1.000.000,"2 noches, 1 adulto",Bungalow Deluxe,1 cama doble grande,10,,,,,,,,,,,,,,,,,,,,,,,,
48,Finca Villa Elenita,,,,Sasaima Mostrar en el mapa,COP 432.000,"2 noches, 1 adulto",Villa de 2 dormitorios,"2 camas
(1 doble, 1 doble grande)",,,,,,,,,,,,,,,,,,,,,,,,,
49,FINCA DE DESCANSO RELAJACION Y DIVERSION,,,,La Vega Mostrar en el mapa,COP 1.680.000,"2 noches, 1 adulto",Habitación Doble - 1 o 2 camas,"9 camas
(4 individuales, 4 dobles, 1 doble grande)",,,,,,,,,,,,,,,,,,,,,,,,,
50,AGUA VIVA CASA DE CAMPO,,,,La Vega Mostrar en el mapa,COP 280.000,"2 noches, 1 adulto",Suite,"3 camas
(1 individual, 1 doble, 1 sofá cama)",,,,,,,,,,,,,,,,,,,,,,,,,
51,Villa del Río Dulce Cabañas,,,,Villeta Mostrar en el mapa,COP 700.000,"2 noches, 1 adulto",Apartamento,,,,,,,,,,,,,,,,,,,,,,,,,,
52,Acualandia Fish,,,,Sasaima Mostrar en el mapa,COP 320.000,"2 noches, 1 adulto",Habitación Familiar con baño compartido,"3 camas
(2 individuales, 1 doble)","8,3",,,,,,,,,,,,,,,,,,,,,,,,
53,Finca Tanabucá,,,,La Vega Mostrar en el mapa,COP 720.000,"2 noches, 1 adulto",Casa de 3 habitaciones,"7 camas
(3 individuales, 1 doble extragrande, 1 sofá cama, 2 dobles grandes)","8,9",,,,,,,,,,,,,,,,,,,,,,,,
54,Glamping El Establo,,,,San Francisco Mostrar en el mapa,COP 640.000,"2 noches, 1 adulto",Tienda,"3 camas
(2 individuales, 1 doble grande)","9,3",,,,,,,,,,,,,,,,,,,,,,,,
55,Finca Agualinda,,,,San Francisco Mostrar en el mapa,COP 480.000,"2 noches, 1 adulto",Bungalow de un dormitorio,"3 camas
(1 doble extragrande, 2 sofás cama)","9,4",,,,,,,,,,,,,,,,,,,,,,,,
56,Zoque bosque de niebla,,,,San Francisco Mostrar en el mapa,COP 700.000,"2 noches, 1 adulto",Habitación Deluxe (2 adultos + 1 niño),1 cama doble grande,,,,,,,,,,,,,,,,,,,,,,,,,
57,casa san francisco,,,,San Francisco Mostrar en el mapa,COP 80.000,"2 noches, 1 adulto",Chalet,"14 camas
(10 individuales, 4 dobles)",,,,,,,,,,,,,,,,,,,,,,,,,
58,Lomar Sol & Luna,,,,Sasaima Mostrar en el mapa,COP 800.000,"2 noches, 1 adulto",Habitación Familiar con vistas a la montaña,"6 camas
(5 literas, 1 doble grande)",,,,,,,,,,,,,,,,,,,,,,,,,
59,CASA RURAL LA PRIMAVERA GUADUAS,,,,Guaduas Mostrar en el mapa,COP 700.000,"2 noches, 1 adulto",Casa de 4 dormitorios,"8 camas
(2 individuales, 1 doble, 4 literas, 1 doble grande)",,,,,,,,,,,,,,,,,,,,,,,,,
60,Cabañas Cuatro Caminos,,,,San Francisco Mostrar en el mapa,COP 798.000,"2 noches, 1 adulto",Villa de 2 dormitorios,3 camas dobles,,,,,,,,,,,,,,,,,,,,,,,,,
61,Aire Libre Cabañas,,,,San Francisco Mostrar en el mapa,COP 192.000,"2 noches, 1 adulto",Habitación Doble con vistas a la montaña,1 cama doble,"9,8",,,,,,,,,,,,,,,,,,,,,,,,
62,Villa Elena Finca Sasaima,,,,Sasaima Mostrar en el mapa,COP 1.050.000,"2 noches, 1 adulto",Villa Deluxe,"7 camas
(1 doble, 1 doble extragrande, 5 dobles grandes)",,,,,,,,,,,,,,,,,,,,,,,,,
63,Primavera Ecoalbergue,,,,La Vega Mostrar en el mapa,COP 480.000,"2 noches, 1 adulto",Bungalow de 2 dormitorios,"4 camas
(1 individual, 1 doble, 2 literas)","8,5",,,,,,,,,,,,,,,,,,,,,,,,
64,Casa Cacao,,,,Sasaima Mostrar en el mapa,COP 480.000,"2 noches, 1 adulto",Habitación Doble - 2 camas,2 camas individuales,"9,6",,,,,,,,,,,,,,,,,,,,,,,,
65,Fantastic country estate with an unbelievable view of the mountains,,,,La Vega Mostrar en el mapa,COP 1.652.640,"2 noches, 1 adulto",Casa,"11 camas
(6 individuales, 4 dobles, 1 sofá cama)",,,,,,,,,,,,,,,,,,,,,,,,,
66,Yuva Glamping,,,,San Francisco Mostrar en el mapa,COP 1.680.000,"2 noches, 1 adulto",Tienda de Campaña Glamping U,1 cama doble grande,"9,6",,,,,,,,,,,,,,,,,,,,,,,,
67,Glamping MagicLove,,,,San Francisco Mostrar en el mapa,COP 800.000,"2 noches, 1 adulto",Tienda,1 cama doble grande,,,,,,,,,,,,,,,,,,,,,,,,,
68,Mandala Hotel Concept,,,,Villeta Mostrar en el mapa,COP 1.170.000,"2 noches, 1 adulto",Estudio con cama extragrande y sofá cama,"3 camas
(1 individual, 1 sofá cama, 1 doble grande)","9,1",,,,,,,,,,,,,,,,,,,,,,,,
69,Posada Aventura,,,,Pacho Mostrar en el mapa,COP 140.000,"2 noches, 1 adulto",Habitación Doble grande - 2 camas,2 camas individuales,"9,2",,,,,,,,,,,,,,,,,,,,,,,,
70,Villas del Río-Finca Hotel,,,,San Francisco Mostrar en el mapa,COP 400.000,"2 noches, 1 adulto",Habitación Deluxe - 1 cama grande,1 cama doble,"9,4",,,,,,,,,,,,,,,,,,,,,,,,
71,Shangri-la,,,,San Francisco Mostrar en el mapa,COP 540.000,"2 noches, 1 adulto",Habitación Doble - 2 camas,1 cama doble grande,,,,,,,,,,,,,,,,,,,,,,,,,
72,Cabaña Colibri,,,,San Francisco Mostrar en el mapa,COP 180.000,"2 noches, 1 adulto",Tienda,1 cama doble,,,,,,,,,,,,,,,,,,,,,,,,,
73,Hotel Nueva Ardenza,,,,San Francisco Mostrar en el mapa,COP 120.000,"2 noches, 1 adulto",Habitación Doble Deluxe - 1 o 2 camas,1 cama doble,"8,6",,,,,,,,,,,,,,,,,,,,,,,,
74,Villa Laura finca de recreo,,,,San Francisco Mostrar en el mapa,COP 360.000,"2 noches, 1 adulto",Habitación Familiar Superior,"6 camas
(5 individuales, 1 doble grande)",,,,,,,,,,,,,,,,,,,,,,,,,
75,Casa Tramonti Natura,,,,San Francisco Mostrar en el mapa,COP 270.000,"2 noches, 1 adulto",Habitación Doble con baño privado,1 cama doble,,,,,,,,,,,,,,,,,,,,,,,,,
76,Villa Laura finca de recreo,,,,San Francisco Mostrar en el mapa,COP 360.000,"2 noches, 1 adulto",Habitación Familiar Superior,"6 camas
(5 individuales, 1 doble grande)",,,,,,,,,,,,,,,,,,,,,,,,,
77,El Rinconcito Feliz,,,,San Francisco Mostrar en el mapa,COP 400.000,"2 noches, 1 adulto",Apartamento de 3 dormitorios,"7 camas
(1 individual, 2 dobles, 3 literas, 1 sofá cama)","8,5",,,,,,,,,,,,,,,,,,,,,,,,
78,Villa Linda,,,,San Francisco Mostrar en el mapa,COP 210.000,"2 noches, 1 adulto",Habitación Familiar con baño privado,"2 camas
(1 individual, 1 doble)","8,5",,,,,,,,,,,,,,,,,,,,,,,,
79,Naturaleza en armonia,,,,San Francisco Mostrar en el mapa,COP 240.000,"2 noches, 1 adulto",Habitación Doble con baño privado,1 cama individual,,,,,,,,,,,,,,,,,,,,,,,,,
80,Finca Loma Linda,,,,San Francisco Mostrar en el mapa,COP 1.600.000,"2 noches, 1 adulto",Casa de 4 dormitorios,"10 camas
(3 individuales, 2 sofás cama, 5 dobles grandes)","8,8",,,,,,,,,,,,,,,,,,,,,,,,
81,Entre Palos Eco Refugio,,,,San Francisco Mostrar en el mapa,COP 800.000,"2 noches, 1 adulto",Habitación con cama grande y vistas al jardín,"2 camas
(1 doble extragrande, 1 sofá cama)","9,5",,,,,,,,,,,,,,,,,,,,,,,,
82,Finca Jardín del agua,,,,Sasaima Mostrar en el mapa,COP 192.000,"2 noches, 1 adulto",Habitación Doble con baño privado,1 cama doble,"9,0",,,,,,,,,,,,,,,,,,,,,,,,
83,Hotel Campestre Los Almendros,,,,Villeta Mostrar en el mapa,COP 280.000,"2 noches, 1 adulto",Habitación Deluxe,1 cama doble,"6,8",,,,,,,,,,,,,,,,,,,,,,,,
84,Apolonia Boutique,,,,Guaduas Mostrar en el mapa,COP 194.600,"2 noches, 1 adulto",Habitación Doble,1 cama doble,"8,3",,,,,,,,,,,,,,,,,,,,,,,,
85,Hotel Casa Blanca,,,,Guaduas Mostrar en el mapa,COP 917.020,"2 noches, 1 adulto",Habitación Doble con balcón - 2 camas,2 camas dobles,"9,1",,,,,,,,,,,,,,,,,,,,,,,,
86,Casa Ensueño Hogar Boutique,,,,Guaduas Mostrar en el mapa,COP 440.000,"2 noches, 1 adulto",Habitación Doble,1 cama doble grande,"9,4",,,,,,,,,,,,,,,,,,,,,,,,
87,Hotel Shalom PHE Guaduas,,,,Guaduas Mostrar en el mapa,COP 132.000,"2 noches, 1 adulto",Habitación Doble,1 cama doble,"8,6",,,,,,,,,,,,,,,,,,,,,,,,
88,Quinta Baroe,,,,Guaduas Mostrar en el mapa,COP 240.000,"2 noches, 1 adulto",Casa de 1 dormitorio,1 cama individual,"8,9",,,,,,,,,,,,,,,,,,,,,,,,
89,Salvia Glamping,,,,San Francisco Mostrar en el mapa,COP 800.000,"2 noches, 1 adulto",Habitación Doble con baño privado,1 cama doble,"8,3",,,,,,,,,,,,,,,,,,,,,,,,
90,La Rosa Nautica Hostel,,,,Guaduas Mostrar en el mapa,COP 180.000,"2 noches, 1 adulto",Habitación Doble,1 cama doble,"8,9",,,,,,,,,,,,,,,,,,,,,,,,
91,Hostel La Casona 1859,,,,Guaduas Mostrar en el mapa,COP 50.000,"2 noches, 1 adulto",Habitación Doble,1 cama doble,"8,7",,,,,,,,,,,,,,,,,,,,,,,,
92,hospedaje vale y santi,,,,Guaduas Mostrar en el mapa,COP 80.000,"2 noches, 1 adulto",Habitación Deluxe - 1 cama grande,1 cama doble,,,,,,,,,,,,,,,,,,,,,,,,,
93,Desiderata Resort,,,,Guaduas Mostrar en el mapa,COP 334.000,"2 noches, 1 adulto",Villa,1 cama doble,"7,8",,,,,,,,,,,,,,,,,,,,,,,,
94,La Casa de la Abuela,,,,Guaduas Mostrar en el mapa,COP 100.000,"2 noches, 1 adulto",Habitación Doble - 2 camas,2 camas individuales,"9,5",,,,,,,,,,,,,,,,,,,,,,,,
95,El Portón de Enriqueta,,,,Guaduas Mostrar en el mapa,COP 242.300,"2 noches, 1 adulto",Habitación Doble,1 cama doble,"9,3",,,,,,,,,,,,,,,,,,,,,,,,
96,Hotel Tacuara,,,,Guaduas Mostrar en el mapa,COP 284.000,"2 noches, 1 adulto",Habitación Doble,1 cama doble,"7,2",,,,,,,,,,,,,,,,,,,,,,,,
97,CasaSantander.,,,,Guaduas Mostrar en el mapa,COP 154.000,"2 noches, 1 adulto",Habitación Individual,1 cama individual,,,,,,,,,,,,,,,,,,,,,,,,,
98,Casa Dornella - Casa de Hospedaje,,,,Guaduas Mostrar en el mapa,COP 260.000,"2 noches, 1 adulto",Habitación Doble,1 cama doble,"9,3",,,,,,,,,,,,,,,,,,,,,,,,
99,San Juan de los Guayabos,,,,Guaduas Mostrar en el mapa,COP 340.000,"2 noches, 1 adulto",Habitación Doble Deluxe (2 adultos + 1 niño),1 cama doble,,,,,,,,,,,,,,,,,,,,,,,,,
100,Casa Pacha,,,,Guaduas Mostrar en el mapa,COP 130.000,"2 noches, 1 adulto",Habitación Doble con baño privado,1 cama doble,"8,5",,,,,,,,,,,,,,,,,,,,,,,,
101,Cabañas la Odisea,,,,Bogotá Mostrar en el mapa,COP 1.040.000,"2 noches, 1 adulto",Casa de 2 dormitorios,"4 camas
(2 individuales, 2 dobles)",,,,,,,,,,,,,,,,,,,,,,,,,
