,name,Mes,Dia Inicio,Dia Final,location,price,price_for,room_type,beds,rating,Hoteles+otros,Albergues+Alojamientos_Compartidos,Apartamentos+casas,Originales+Aire_Libre,Tipo_de_Alojamiento,Senderismo,Bañera,Baño_al_Aire_libre,Baño_publico,Tours_a_pie,Ciclismo,Parque_acuatico,Equitación,Parking,Habitaciones_Familiares,Habitaciones_No_Fumadores,Admite_Mascotas,Wifi_gratis,Restaurantes,Piscina,Servicio_Habitaciones,Adaptado_Movilidad_reducida,Spa_Y Centro_Bienestar,Gimnasio
0,Altozano Cabañas Nimaima,,,,Nimaima Mostrar en el mapa,COP 200.000,"2 noches, 1 adulto",Habitación Doble con baño privado,1 cama doble,,,,,,,,,,,,,,,,,,,,,,,,,
1,Piioneros Nocaima,,,,Nocaima Mostrar en el mapa,COP 400.000,"2 noches, 1 adulto",Habitación Doble - 2 camas,2 camas dobles,,,,,,,,,,,,,,,,,,,,,,,,,
2,Casa en Payandé,,,,Villeta Mostrar en el mapa,COP 2.300.000,"2 noches, 1 adulto",Casa de 4 dormitorios,"12 camas
(7 individuales, 4 dobles, 1 sofá cama)",,,,,,,,,,,,,,,,,,,,,,,,,
3,Grand H&R Casa 3,,,,Villeta Mostrar en el mapa,COP 1.750.000,"2 noches, 1 adulto",Casa,"7 camas
(4 dobles, 3 dobles extragrandes)",,,,,,,,,,,,,,,,,,,,,,,,,
4,Duck House,,,,La Vega Mostrar en el mapa,COP 264.000,"2 noches, 1 adulto",Habitación Doble Estándar con baño compartido,1 cama doble,"8,6",,,,,,,,,,,,,,,,,,,,,,,,
5,Hostal Villa Canela,,,,Utica Mostrar en el mapa,COP 320.000,"2 noches, 1 adulto",Habitación Familiar,"3 camas
(2 individuales, 1 doble)","9,3",,,,,,,,,,,,,,,,,,,,,,,,
6,Hotel spa Excalibur,,,,Villeta Mostrar en el mapa,COP 720.000,"2 noches, 1 adulto",Habitación Doble,1 cama doble,,,,,,,,,,,,,,,,,,,,,,,,,
7,Casa en el Arbol,,,,Utica Mostrar en el mapa,COP 400.000,"2 noches, 1 adulto",Casa de 1 dormitorio,2 camas dobles,"8,4",,,,,,,,,,,,,,,,,,,,,,,,
8,Casa Campestre El Edén,,,,Villeta Mostrar en el mapa,COP 300.000,"2 noches, 1 adulto",Suite con vistas a la montaña,1 cama doble,,,,,,,,,,,,,,,,,,,,,,,,,
9,Hospedaje en Altos del Tabacal,,,,La Vega Mostrar en el mapa,COP 640.000,"2 noches, 1 adulto",Chalet,1 cama doble,,,,,,,,,,,,,,,,,,,,,,,,,
10,Hotel La Puerta del Sol,,,,La Vega Mostrar en el mapa,COP 260.000,"2 noches, 1 adulto",Habitación Doble,1 cama doble,"8,5",,,,,,,,,,,,,,,,,,,,,,,,
11,Hotel Guacana,,,,La Vega Mostrar en el mapa,COP 60.000,"2 noches, 1 adulto",Habitación Triple con baño privado,2 camas individuales,"7,5",,,,,,,,,,,,,,,,,,,,,,,,
12,El Cafetero,,,,Sasaima Mostrar en el mapa,COP 360.000,"2 noches, 1 adulto",Camarote Familiar,8 literas,,,,,,,,,,,,,,,,,,,,,,,,,
13,Hotel Playa By Marbar Hoteles,,,,Villeta Mostrar en el mapa,COP 350.000,"2 noches, 1 adulto",Habitación Doble,1 cama doble,"8,0",,,,,,,,,,,,,,,,,,,,,,,,
14,PISTA MARIO KARTS VERGARA,,,,La Vega Mostrar en el mapa,COP 50.000,"2 noches, 1 adulto",Parcela,1 futón,,,,,,,,,,,,,,,,,,,,,,,,,
15,Natural Hotel de La Vega,,,,La Vega Mostrar en el mapa,COP 345.400,"2 noches, 1 adulto",Habitación Doble Plus,1 cama doble grande,"8,3",,,,,,,,,,,,,,,,,,,,,,,,
16,el tambo,,,,La Vega Mostrar en el mapa,COP 400.000,"2 noches, 1 adulto",Habitación Doble - 2 camas dobles,2 camas dobles,,,,,,,,,,,,,,,,,,,,,,,,,
17,HOSTERIA VILLA DE ALCOCER,,,,Villeta Mostrar en el mapa,COP 80.000,"2 noches, 1 adulto",Cama en habitación compartida de 8 camas,1 cama individual,"9,1",,,,,,,,,,,,,,,,,,,,,,,,
18,Hotel Viena,,,,Villeta Mostrar en el mapa,COP 456.000,"2 noches, 1 adulto",Suite Junior,1 cama doble grande,,,,,,,,,,,,,,,,,,,,,,,,,
19,Home Boutique Natural Paradise,,,,La Vega Mostrar en el mapa,COP 700.000,"2 noches, 1 adulto",Habitación Doble Estándar,1 cama doble grande,"9,3",,,,,,,,,,,,,,,,,,,,,,,,
20,Glamping en Container Sostenible CABINTAINER,,,,Supatá Mostrar en el mapa,COP 600.000,"2 noches, 1 adulto",Tienda,1 cama doble,,,,,,,,,,,,,,,,,,,,,,,,,
21,Hotel Alojamiento San Pedro In,,,,Villeta Mostrar en el mapa,COP 182.000,"2 noches, 1 adulto",Habitación Doble,1 cama doble,"8,0",,,,,,,,,,,,,,,,,,,,,,,,
22,Hotel Campestre Macondo,,,,Villeta Mostrar en el mapa,COP 200.000,"2 noches, 1 adulto",Habitación Doble,1 cama doble,,,,,,,,,,,,,,,,,,,,,,,,,
23,Apartamentos Balcones de León,,,,Villeta Mostrar en el mapa,COP 665.000,"2 noches, 1 adulto",Apartamento de 3 dormitorios,"5 camas
(3 individuales, 1 doble, 1 futón)",,,,,,,,,,,,,,,,,,,,,,,,,
24,La finca de Juancho,,,,Villeta Mostrar en el mapa,COP 300.000,"2 noches, 1 adulto",Habitación Doble con baño privado,1 cama doble,,,,,,,,,,,,,,,,,,,,,,,,,
25,Montaña Magica,,,,Villeta Mostrar en el mapa,COP 160.000,"2 noches, 1 adulto",Habitación Doble,1 cama individual,,,,,,,,,,,,,,,,,,,,,,,,,
26,aparta hotel montaña mágica,,,,Villeta Mostrar en el mapa,COP 240.000,"2 noches, 1 adulto",Apartamento Estudio,"3 camas
(2 dobles, 1 sofá cama)",,,,,,,,,,,,,,,,,,,,,,,,,
27,La Finestra Spa Hotel Boutique,,,,La Vega Mostrar en el mapa,COP 592.000,"2 noches, 1 adulto",Habitación Doble,1 cama doble grande,"9,4",,,,,,,,,,,,,,,,,,,,,,,,
28,Luna Glamping Colombia,,,,El Peñón Mostrar en el mapa,COP 1.700.000,"2 noches, 1 adulto",Tienda,1 cama doble extragrande,,,,,,,,,,,,,,,,,,,,,,,,,
29,Cabaña Albisola,,,,La Vega Mostrar en el mapa,COP 700.000,"2 noches, 1 adulto",Habitación con cama grande y balcón,1 cama doble,"9,6",,,,,,,,,,,,,,,,,,,,,,,,
30,Finca Calusa,,,,Villeta Mostrar en el mapa,COP 720.000,"2 noches, 1 adulto",Habitación Cuádruple con baño privado,"3 camas
(2 individuales, 1 doble extragrande)","7,9",,,,,,,,,,,,,,,,,,,,,,,,
31,Hotel Rio Alto,,,,Villeta Mostrar en el mapa,COP 300.000,"2 noches, 1 adulto",Habitación Doble - 2 camas,2 camas individuales,,,,,,,,,,,,,,,,,,,,,,,,,
32,VILLETA-SUITE 3PAX - FINCA ECOTURÍSTICA,,,,Villeta Mostrar en el mapa,COP 560.000,"2 noches, 1 adulto",Habitación Triple con baño,3 camas individuales,,,,,,,,,,,,,,,,,,,,,,,,,
33,Espectacular casa campestre,,,,La Vega Mostrar en el mapa,COP 600.000,"2 noches, 1 adulto",Villa con piscina privada,"6 camas
(4 individuales, 1 doble, 1 doble grande)","8,6",,,,,,,,,,,,,,,,,,,,,,,,
34,Eco Glamping Aquamonti,,,,Supatá Mostrar en el mapa,COP 1.000.000,"2 noches, 1 adulto",Bungalow Deluxe,1 cama doble grande,10,,,,,,,,,,,,,,,,,,,,,,,,
35,Finca Villa Elenita,,,,Sasaima Mostrar en el mapa,COP 432.000,"2 noches, 1 adulto",Villa de 2 dormitorios,"2 camas
(1 doble, 1 doble grande)",,,,,,,,,,,,,,,,,,,,,,,,,
36,El Romeron Casa de Campo,,,,San Francisco Mostrar en el mapa,COP 228.000,"2 noches, 1 adulto",Habitación Doble,1 cama doble,"9,7",,,,,,,,,,,,,,,,,,,,,,,,
37,Finca la Herradura Alojamiento Rural,,,,Supatá Mostrar en el mapa,COP 560.000,"2 noches, 1 adulto",Chalet,"5 camas
(4 individuales, 1 doble)",,,,,,,,,,,,,,,,,,,,,,,,,
38,FINCA DE DESCANSO RELAJACION Y DIVERSION,,,,La Vega Mostrar en el mapa,COP 1.680.000,"2 noches, 1 adulto",Habitación Doble - 1 o 2 camas,"9 camas
(4 individuales, 4 dobles, 1 doble grande)",,,,,,,,,,,,,,,,,,,,,,,,,
39,AGUA VIVA CASA DE CAMPO,,,,La Vega Mostrar en el mapa,COP 280.000,"2 noches, 1 adulto",Suite,"3 camas
(1 individual, 1 doble, 1 sofá cama)",,,,,,,,,,,,,,,,,,,,,,,,,
40,Villa del Río Dulce Cabañas,,,,Villeta Mostrar en el mapa,COP 700.000,"2 noches, 1 adulto",Apartamento,,,,,,,,,,,,,,,,,,,,,,,,,,
41,Acualandia Fish,,,,Sasaima Mostrar en el mapa,COP 320.000,"2 noches, 1 adulto",Habitación Familiar con baño compartido,"3 camas
(2 individuales, 1 doble)","8,3",,,,,,,,,,,,,,,,,,,,,,,,
42,Finca Tanabucá,,,,La Vega Mostrar en el mapa,COP 720.000,"2 noches, 1 adulto",Casa de 3 habitaciones,"7 camas
(3 individuales, 1 doble extragrande, 1 sofá cama, 2 dobles grandes)","8,9",,,,,,,,,,,,,,,,,,,,,,,,
43,Zoque bosque de niebla,,,,San Francisco Mostrar en el mapa,COP 700.000,"2 noches, 1 adulto",Habitación Deluxe (2 adultos + 1 niño),1 cama doble grande,,,,,,,,,,,,,,,,,,,,,,,,,
44,casa san francisco,,,,San Francisco Mostrar en el mapa,COP 80.000,"2 noches, 1 adulto",Chalet,"14 camas
(10 individuales, 4 dobles)",,,,,,,,,,,,,,,,,,,,,,,,,
45,Lomar Sol & Luna,,,,Sasaima Mostrar en el mapa,COP 800.000,"2 noches, 1 adulto",Habitación Familiar con vistas a la montaña,"6 camas
(5 literas, 1 doble grande)",,,,,,,,,,,,,,,,,,,,,,,,,
46,Cabañas Cuatro Caminos,,,,San Francisco Mostrar en el mapa,COP 798.000,"2 noches, 1 adulto",Villa de 2 dormitorios,3 camas dobles,,,,,,,,,,,,,,,,,,,,,,,,,
47,Villa Elena Finca Sasaima,,,,Sasaima Mostrar en el mapa,COP 1.050.000,"2 noches, 1 adulto",Villa Deluxe,"7 camas
(1 doble, 1 doble extragrande, 5 dobles grandes)",,,,,,,,,,,,,,,,,,,,,,,,,
48,Ecoglamping Reserva Paraíso Andino,,,,La Vega Mostrar en el mapa,COP 570.000,"2 noches, 1 adulto",Habitación Doble con vistas a la montaña,1 cama doble,"9,7",,,,,,,,,,,,,,,,,,,,,,,,
49,Finca Agualinda,,,,San Francisco Mostrar en el mapa,COP 280.000,"2 noches, 1 adulto",Bungalow de 2 dormitorios,"4 camas
(2 dobles, 2 sofás cama)","9,4",,,,,,,,,,,,,,,,,,,,,,,,
50,Casa Cacao,,,,Sasaima Mostrar en el mapa,COP 480.000,"2 noches, 1 adulto",Habitación Doble - 2 camas,2 camas individuales,"9,6",,,,,,,,,,,,,,,,,,,,,,,,
51,Fantastic country estate with an unbelievable view of the mountains,,,,La Vega Mostrar en el mapa,COP 678.760,"2 noches, 1 adulto",Casa,"11 camas
(6 individuales, 4 dobles, 1 sofá cama)",,,,,,,,,,,,,,,,,,,,,,,,,
52,Yuva Glamping,,,,San Francisco Mostrar en el mapa,COP 1.680.000,"2 noches, 1 adulto",Tienda de Campaña Glamping U,1 cama doble grande,"9,6",,,,,,,,,,,,,,,,,,,,,,,,
53,Glamping MagicLove,,,,San Francisco Mostrar en el mapa,COP 800.000,"2 noches, 1 adulto",Tienda,1 cama doble grande,,,,,,,,,,,,,,,,,,,,,,,,,
54,Mandala Hotel Concept,,,,Villeta Mostrar en el mapa,COP 1.170.000,"2 noches, 1 adulto",Estudio con cama extragrande y sofá cama,"3 camas
(1 individual, 1 sofá cama, 1 doble grande)","9,1",,,,,,,,,,,,,,,,,,,,,,,,
55,Shangri-la,,,,San Francisco Mostrar en el mapa,COP 540.000,"2 noches, 1 adulto",Habitación Doble,2 camas individuales,,,,,,,,,,,,,,,,,,,,,,,,,
56,Cabaña Colibri,,,,San Francisco Mostrar en el mapa,COP 180.000,"2 noches, 1 adulto",Tienda,1 cama doble,,,,,,,,,,,,,,,,,,,,,,,,,
57,Cabaña finca Colibri,,,,San Francisco Mostrar en el mapa,COP 200.000,"2 noches, 1 adulto",Habitación Doble con balcón,1 cama individual,,,,,,,,,,,,,,,,,,,,,,,,,
58,El Rinconcito Feliz,,,,San Francisco Mostrar en el mapa,COP 400.000,"2 noches, 1 adulto",Apartamento de 3 dormitorios,"7 camas
(1 individual, 2 dobles, 3 literas, 1 sofá cama)","8,5",,,,,,,,,,,,,,,,,,,,,,,,
59,Casa Tramonti Natura,,,,San Francisco Mostrar en el mapa,COP 130.000,"2 noches, 1 adulto",Habitación Familiar con baño privado,"3 camas
(2 individuales, 1 doble)",,,,,,,,,,,,,,,,,,,,,,,,,
60,Naturaleza en armonia,,,,San Francisco Mostrar en el mapa,COP 240.000,"2 noches, 1 adulto",Habitación Doble con baño privado,1 cama individual,,,,,,,,,,,,,,,,,,,,,,,,,
61,Finca Loma Linda,,,,San Francisco Mostrar en el mapa,COP 1.100.000,"2 noches, 1 adulto",Casa de 4 dormitorios,"10 camas
(3 individuales, 2 sofás cama, 5 dobles grandes)","8,8",,,,,,,,,,,,,,,,,,,,,,,,
62,Entre Palos Eco Refugio,,,,San Francisco Mostrar en el mapa,COP 780.000,"2 noches, 1 adulto",Habitación con cama grande y vistas al jardín,"2 camas
(1 doble extragrande, 1 sofá cama)","9,5",,,,,,,,,,,,,,,,,,,,,,,,
63,Finca Jardín del agua,,,,Sasaima Mostrar en el mapa,COP 120.000,"2 noches, 1 adulto",Habitación Doble con baño privado,1 cama doble,"9,0",,,,,,,,,,,,,,,,,,,,,,,,
64,Hotel Campestre Los Almendros,,,,Villeta Mostrar en el mapa,COP 280.000,"2 noches, 1 adulto",Habitación Deluxe,1 cama doble,"6,8",,,,,,,,,,,,,,,,,,,,,,,,
65,Apolonia Boutique,,,,Guaduas Mostrar en el mapa,COP 210.000,"2 noches, 1 adulto",Habitación Doble,1 cama doble,"8,3",,,,,,,,,,,,,,,,,,,,,,,,
66,Hotel Casa Blanca,,,,Guaduas Mostrar en el mapa,COP 917.020,"2 noches, 1 adulto",Habitación Doble con balcón - 2 camas,2 camas dobles,"9,1",,,,,,,,,,,,,,,,,,,,,,,,
67,Quinta Baroe,,,,Guaduas Mostrar en el mapa,COP 90.000,"2 noches, 1 adulto",Casa de 1 dormitorio,1 cama individual,"8,9",,,,,,,,,,,,,,,,,,,,,,,,
68,Hotel Shalom PHE Guaduas,,,,Guaduas Mostrar en el mapa,COP 132.000,"2 noches, 1 adulto",Habitación Doble,1 cama doble,"8,6",,,,,,,,,,,,,,,,,,,,,,,,
69,Hostel La Casona 1859,,,,Guaduas Mostrar en el mapa,COP 70.000,"2 noches, 1 adulto",Habitación Doble - 2 camas,2 camas individuales,"8,7",,,,,,,,,,,,,,,,,,,,,,,,
70,Desiderata Resort,,,,Guaduas Mostrar en el mapa,COP 120.000,"2 noches, 1 adulto",Habitación Doble,1 cama doble,"7,8",,,,,,,,,,,,,,,,,,,,,,,,
71,hospedaje vale y santi,,,,Guaduas Mostrar en el mapa,COP 80.000,"2 noches, 1 adulto",Habitación Deluxe - 1 cama grande,1 cama doble,,,,,,,,,,,,,,,,,,,,,,,,,
72,San Juan de los Guayabos,,,,Guaduas Mostrar en el mapa,COP 340.000,"2 noches, 1 adulto",Habitación Doble Deluxe (2 adultos + 1 niño),1 cama doble,,,,,,,,,,,,,,,,,,,,,,,,,
73,CasaSantander.,,,,Guaduas Mostrar en el mapa,COP 154.000,"2 noches, 1 adulto",Habitación Individual,1 cama individual,,,,,,,,,,,,,,,,,,,,,,,,,
74,La Casa de la Abuela,,,,Guaduas Mostrar en el mapa,COP 140.000,"2 noches, 1 adulto",Habitación Doble - 2 camas,2 camas individuales,"9,5",,,,,,,,,,,,,,,,,,,,,,,,
75,Casa Pacha,,,,Guaduas Mostrar en el mapa,COP 130.000,"2 noches, 1 adulto",Habitación Doble con baño privado,1 cama doble,"8,5",,,,,,,,,,,,,,,,,,,,,,,,
