,name,Mes,Dia Inicio,Dia Final,location,price,price_for,room_type,beds,rating,Hoteles+otros,Albergues+Alojamientos_Compartidos,Apartamentos+casas,Originales+Aire_Libre,Tipo_de_Alojamiento,Senderismo,Bañera,Baño_al_Aire_libre,Baño_publico,Tours_a_pie,Ciclismo,Parque_acuatico,Equitación,Parking,Habitaciones_Familiares,Habitaciones_No_Fumadores,Admite_Mascotas,Wifi_gratis,Restaurantes,Piscina,Servicio_Habitaciones,Adaptado_Movilidad_reducida,Spa_Y Centro_Bienestar,Gimnasio
0,Mandala Hotel Concept,,,,Villeta Mostrar en el mapa,COP 1.170.000,"2 noches, 1 adulto",Estudio con cama extragrande y sofá cama,"3 camas
(1 individual, 1 sofá cama, 1 doble grande)","9,1",,,,,,,,,,,,,,,,,,,,,,,,
1,Grand H&R Casa 3,,,,Villeta Mostrar en el mapa,COP 1.750.000,"2 noches, 1 adulto",Casa,"7 camas
(4 dobles, 3 dobles extragrandes)",,,,,,,,,,,,,,,,,,,,,,,,,
2,Hotel Playa By Marbar Hoteles,,,,Villeta Mostrar en el mapa,COP 350.000,"2 noches, 1 adulto",Habitación Doble,1 cama doble,"8,0",,,,,,,,,,,,,,,,,,,,,,,,
3,Casa en Payandé,,,,Villeta Mostrar en el mapa,COP 2.300.000,"2 noches, 1 adulto",Casa de 4 dormitorios,"12 camas
(7 individuales, 4 dobles, 1 sofá cama)",,,,,,,,,,,,,,,,,,,,,,,,,
4,Hotel Alojamiento San Pedro In,,,,Villeta Mostrar en el mapa,COP 182.000,"2 noches, 1 adulto",Habitación Doble,1 cama doble,"8,0",,,,,,,,,,,,,,,,,,,,,,,,
5,Hotel Campestre Macondo,,,,Villeta Mostrar en el mapa,COP 200.000,"2 noches, 1 adulto",Habitación Doble,1 cama doble,,,,,,,,,,,,,,,,,,,,,,,,,
6,Casa Campestre El Edén,,,,Villeta Mostrar en el mapa,COP 300.000,"2 noches, 1 adulto",Suite con vistas a la montaña,1 cama doble,,,,,,,,,,,,,,,,,,,,,,,,,
7,Apartamentos Balcones de León,,,,Villeta Mostrar en el mapa,COP 665.000,"2 noches, 1 adulto",Apartamento de 3 dormitorios,"5 camas
(3 individuales, 1 doble, 1 futón)",,,,,,,,,,,,,,,,,,,,,,,,,
8,Hotel Campestre Los Almendros,,,,Villeta Mostrar en el mapa,COP 280.000,"2 noches, 1 adulto",Habitación Deluxe,1 cama doble,"6,8",,,,,,,,,,,,,,,,,,,,,,,,
9,La finca de Juancho,,,,Villeta Mostrar en el mapa,COP 300.000,"2 noches, 1 adulto",Habitación Doble con baño privado,1 cama doble,,,,,,,,,,,,,,,,,,,,,,,,,
10,Finca Calusa,,,,Villeta Mostrar en el mapa,COP 720.000,"2 noches, 1 adulto",Habitación Cuádruple con baño privado,"3 camas
(2 individuales, 1 doble extragrande)","7,9",,,,,,,,,,,,,,,,,,,,,,,,
11,Hotel Rio Alto,,,,Villeta Mostrar en el mapa,COP 300.000,"2 noches, 1 adulto",Habitación Doble - 2 camas,2 camas individuales,,,,,,,,,,,,,,,,,,,,,,,,,
12,VILLETA-SUITE 3PAX - FINCA ECOTURÍSTICA,,,,Villeta Mostrar en el mapa,COP 560.000,"2 noches, 1 adulto",Habitación Triple con baño,3 camas individuales,,,,,,,,,,,,,,,,,,,,,,,,,
13,Montaña Magica,,,,Villeta Mostrar en el mapa,COP 160.000,"2 noches, 1 adulto",Habitación Doble,1 cama individual,,,,,,,,,,,,,,,,,,,,,,,,,
14,Hotel spa Excalibur,,,,Villeta Mostrar en el mapa,COP 720.000,"2 noches, 1 adulto",Habitación Doble,1 cama doble,,,,,,,,,,,,,,,,,,,,,,,,,
15,aparta hotel montaña mágica,,,,Villeta Mostrar en el mapa,COP 240.000,"2 noches, 1 adulto",Apartamento Estudio,"3 camas
(2 dobles, 1 sofá cama)",,,,,,,,,,,,,,,,,,,,,,,,,
16,Villa del Río Dulce Cabañas,,,,Villeta Mostrar en el mapa,COP 700.000,"2 noches, 1 adulto",Apartamento,,,,,,,,,,,,,,,,,,,,,,,,,,
17,HOSTERIA VILLA DE ALCOCER,,,,Villeta Mostrar en el mapa,COP 80.000,"2 noches, 1 adulto",Cama en habitación compartida de 8 camas,1 cama individual,"9,1",,,,,,,,,,,,,,,,,,,,,,,,
18,Hotel Viena,,,,Villeta Mostrar en el mapa,COP 456.000,"2 noches, 1 adulto",Suite Junior,1 cama doble grande,,,,,,,,,,,,,,,,,,,,,,,,,
19,Casa Cacao,,,,Sasaima Mostrar en el mapa,COP 480.000,"2 noches, 1 adulto",Habitación Doble - 2 camas,2 camas individuales,"9,6",,,,,,,,,,,,,,,,,,,,,,,,
20,Hotel Casa Blanca,,,,Guaduas Mostrar en el mapa,COP 917.020,"2 noches, 1 adulto",Habitación Doble con balcón - 2 camas,2 camas dobles,"9,1",,,,,,,,,,,,,,,,,,,,,,,,
21,Natural Hotel de La Vega,,,,La Vega Mostrar en el mapa,COP 345.400,"2 noches, 1 adulto",Habitación Doble Plus,1 cama doble grande,"8,3",,,,,,,,,,,,,,,,,,,,,,,,
22,La Finestra Spa Hotel Boutique,,,,La Vega Mostrar en el mapa,COP 592.000,"2 noches, 1 adulto",Habitación Doble,1 cama doble grande,"9,4",,,,,,,,,,,,,,,,,,,,,,,,
23,Desiderata Resort,,,,Guaduas Mostrar en el mapa,COP 120.000,"2 noches, 1 adulto",Habitación Doble,1 cama doble,"7,8",,,,,,,,,,,,,,,,,,,,,,,,
24,Hotel Shalom PHE Guaduas,,,,Guaduas Mostrar en el mapa,COP 132.000,"2 noches, 1 adulto",Habitación Doble,1 cama doble,"8,6",,,,,,,,,,,,,,,,,,,,,,,,
25,Duck House,,,,La Vega Mostrar en el mapa,COP 264.000,"2 noches, 1 adulto",Habitación Doble Estándar con baño compartido,1 cama doble,"8,6",,,,,,,,,,,,,,,,,,,,,,,,
26,El Romeron Casa de Campo,,,,San Francisco Mostrar en el mapa,COP 228.000,"2 noches, 1 adulto",Habitación Doble,1 cama doble,"9,7",,,,,,,,,,,,,,,,,,,,,,,,
27,Finca Agualinda,,,,San Francisco Mostrar en el mapa,COP 280.000,"2 noches, 1 adulto",Bungalow de 2 dormitorios,"4 camas
(2 dobles, 2 sofás cama)","9,4",,,,,,,,,,,,,,,,,,,,,,,,
28,Entre Palos Eco Refugio,,,,San Francisco Mostrar en el mapa,COP 780.000,"2 noches, 1 adulto",Habitación con cama grande y vistas al jardín,"2 camas
(1 doble extragrande, 1 sofá cama)","9,5",,,,,,,,,,,,,,,,,,,,,,,,
29,Finca Tanabucá,,,,La Vega Mostrar en el mapa,COP 720.000,"2 noches, 1 adulto",Casa de 3 habitaciones,"7 camas
(3 individuales, 1 doble extragrande, 1 sofá cama, 2 dobles grandes)","8,9",,,,,,,,,,,,,,,,,,,,,,,,
30,El Cafetero,,,,Sasaima Mostrar en el mapa,COP 360.000,"2 noches, 1 adulto",Camarote Familiar,8 literas,,,,,,,,,,,,,,,,,,,,,,,,,
31,Finca Villa Elenita,,,,Sasaima Mostrar en el mapa,COP 432.000,"2 noches, 1 adulto",Villa de 2 dormitorios,"2 camas
(1 doble, 1 doble grande)",,,,,,,,,,,,,,,,,,,,,,,,,
32,Villa Elena Finca Sasaima,,,,Sasaima Mostrar en el mapa,COP 1.050.000,"2 noches, 1 adulto",Villa Deluxe,"7 camas
(1 doble, 1 doble extragrande, 5 dobles grandes)",,,,,,,,,,,,,,,,,,,,,,,,,
33,Lomar Sol & Luna,,,,Sasaima Mostrar en el mapa,COP 800.000,"2 noches, 1 adulto",Habitación Familiar con vistas a la montaña,"6 camas
(5 literas, 1 doble grande)",,,,,,,,,,,,,,,,,,,,,,,,,
34,Home Boutique Natural Paradise,,,,La Vega Mostrar en el mapa,COP 700.000,"2 noches, 1 adulto",Habitación Doble Estándar,1 cama doble grande,"9,3",,,,,,,,,,,,,,,,,,,,,,,,
35,Acualandia Fish,,,,Sasaima Mostrar en el mapa,COP 320.000,"2 noches, 1 adulto",Habitación Familiar con baño compartido,"3 camas
(2 individuales, 1 doble)","8,3",,,,,,,,,,,,,,,,,,,,,,,,
36,Piioneros Nocaima,,,,Nocaima Mostrar en el mapa,COP 400.000,"2 noches, 1 adulto",Habitación Doble - 2 camas,2 camas dobles,,,,,,,,,,,,,,,,,,,,,,,,,
37,Finca Jardín del agua,,,,Sasaima Mostrar en el mapa,COP 120.000,"2 noches, 1 adulto",Habitación Doble con baño privado,1 cama doble,"9,0",,,,,,,,,,,,,,,,,,,,,,,,
38,Ecoglamping Reserva Paraíso Andino,,,,La Vega Mostrar en el mapa,COP 570.000,"2 noches, 1 adulto",Habitación Doble con vistas a la montaña,1 cama doble,"9,7",,,,,,,,,,,,,,,,,,,,,,,,
39,FINCA LA ERMITA - SASAIMA,,,,Sasaima Mostrar en el mapa,COP 70.000,"2 noches, 1 adulto",Habitación Doble,1 cama doble,"7,9",,,,,,,,,,,,,,,,,,,,,,,,
40,Hotel Guacana,,,,La Vega Mostrar en el mapa,COP 60.000,"2 noches, 1 adulto",Habitación Triple con baño privado,2 camas individuales,"7,5",,,,,,,,,,,,,,,,,,,,,,,,
41,Hotel La Puerta del Sol,,,,La Vega Mostrar en el mapa,COP 260.000,"2 noches, 1 adulto",Habitación Doble,1 cama doble,"8,5",,,,,,,,,,,,,,,,,,,,,,,,
42,PISTA MARIO KARTS VERGARA,,,,La Vega Mostrar en el mapa,COP 50.000,"2 noches, 1 adulto",Parcela,1 futón,,,,,,,,,,,,,,,,,,,,,,,,,
43,Quinta Baroe,,,,Guaduas Mostrar en el mapa,COP 90.000,"2 noches, 1 adulto",Casa de 1 dormitorio,1 cama individual,"8,9",,,,,,,,,,,,,,,,,,,,,,,,
44,el tambo,,,,La Vega Mostrar en el mapa,COP 400.000,"2 noches, 1 adulto",Habitación Doble - 2 camas dobles,2 camas dobles,,,,,,,,,,,,,,,,,,,,,,,,,
45,Hostel La Casona 1859,,,,Guaduas Mostrar en el mapa,COP 70.000,"2 noches, 1 adulto",Habitación Doble - 2 camas,2 camas individuales,"8,7",,,,,,,,,,,,,,,,,,,,,,,,
46,Apolonia Boutique,,,,Guaduas Mostrar en el mapa,COP 210.000,"2 noches, 1 adulto",Habitación Doble,1 cama doble,"8,3",,,,,,,,,,,,,,,,,,,,,,,,
47,Casa finca El Girasol,,,,Guayabal de Síquima Mostrar en el mapa,COP 240.000,"2 noches, 1 adulto",Casa,"3 camas
(1 doble, 2 sofás cama)","9,8",,,,,,,,,,,,,,,,,,,,,,,,
48,La Casa de la Abuela,,,,Guaduas Mostrar en el mapa,COP 140.000,"2 noches, 1 adulto",Habitación Doble - 2 camas,2 camas individuales,"9,5",,,,,,,,,,,,,,,,,,,,,,,,
49,Hospedaje en Altos del Tabacal,,,,La Vega Mostrar en el mapa,COP 640.000,"2 noches, 1 adulto",Chalet,1 cama doble,,,,,,,,,,,,,,,,,,,,,,,,,
