,name,Mes,Dia Inicio,Dia Final,location,price,price_for,room_type,beds,rating,Hoteles+otros,Albergues+Alojamientos_Compartidos,Apartamentos+casas,Originales+Aire_Libre,Tipo_de_Alojamiento,Senderismo,Bañera,Baño_al_Aire_libre,Baño_publico,Tours_a_pie,Ciclismo,Parque_acuatico,Equitación,Parking,Habitaciones_Familiares,Habitaciones_No_Fumadores,Admite_Mascotas,Wifi_gratis,Restaurantes,Piscina,Servicio_Habitaciones,Adaptado_Movilidad_reducida,Spa_Y Centro_Bienestar,Gimnasio
0,Dulce Morada Hostal,,,,Villeta Mostrar en el mapa,COP 60.000,"2 noches, 1 adulto",Litera en habitación compartida mixta con baño compartido,1 litera,"8,4",,,,,,,,,,,,,,,,,,,,,,,,
1,Casa Campestre Longares,,,,Villeta Mostrar en el mapa,COP 240.000,"2 noches, 1 adulto",Apartamento Estándar,1 cama doble,"8,6",,,,,,,,,,,,,,,,,,,,,,,,
2,Mandala Hotel Concept,,,,Villeta Mostrar en el mapa,COP 1.170.000,"2 noches, 1 adulto",Estudio con cama extragrande y sofá cama,"3 camas
(1 individual, 1 sofá cama, 1 doble grande)","9,1",,,,,,,,,,,,,,,,,,,,,,,,
3,Casa de descanso villeta,,,,Villeta Mostrar en el mapa,COP 840.000,"2 noches, 1 adulto",Casa de 1 dormitorio,"8 camas
(2 individuales, 3 dobles, 2 literas, 1 sofá cama)",,,,,,,,,,,,,,,,,,,,,,,,,
4,Hotel Playa By Marbar Hoteles,,,,Villeta Mostrar en el mapa,COP 350.000,"2 noches, 1 adulto",Habitación Doble Pequeña,1 cama individual,"8,0",,,,,,,,,,,,,,,,,,,,,,,,
5,Montaña Magica,,,,Villeta Mostrar en el mapa,COP 160.000,"2 noches, 1 adulto",Habitación Doble,1 cama individual,,,,,,,,,,,,,,,,,,,,,,,,,
6,aparta hotel montaña mágica,,,,Villeta Mostrar en el mapa,COP 240.000,"2 noches, 1 adulto",Apartamento Estudio,"3 camas
(2 dobles, 1 sofá cama)",,,,,,,,,,,,,,,,,,,,,,,,,
7,HOSTERIA VILLA DE ALCOCER,,,,Villeta Mostrar en el mapa,COP 80.000,"2 noches, 1 adulto",Cama en habitación compartida de 8 camas,1 cama individual,"9,1",,,,,,,,,,,,,,,,,,,,,,,,
8,VILLETA-SUITE 3PAX - FINCA ECOTURÍSTICA,,,,Villeta Mostrar en el mapa,COP 560.000,"2 noches, 1 adulto",Habitación Triple con baño,3 camas individuales,,,,,,,,,,,,,,,,,,,,,,,,,
9,Hotel Campestre Los Almendros,,,,Villeta Mostrar en el mapa,COP 280.000,"2 noches, 1 adulto",Habitación Deluxe,1 cama doble,"6,8",,,,,,,,,,,,,,,,,,,,,,,,
10,Casa Campestre El Edén,,,,Villeta Mostrar en el mapa,COP 300.000,"2 noches, 1 adulto",Suite con vistas a la montaña,1 cama doble,,,,,,,,,,,,,,,,,,,,,,,,,
11,Hotel Alojamiento San Pedro In,,,,Villeta Mostrar en el mapa,COP 168.000,"2 noches, 1 adulto",Habitación Doble,1 cama doble,"8,0",,,,,,,,,,,,,,,,,,,,,,,,
12,La finca de Juancho,,,,Villeta Mostrar en el mapa,COP 300.000,"2 noches, 1 adulto",Habitación Doble con baño privado,1 cama doble,,,,,,,,,,,,,,,,,,,,,,,,,
13,Hotel Rio Alto,,,,Villeta Mostrar en el mapa,COP 300.000,"2 noches, 1 adulto",Habitación Doble - 2 camas,2 camas individuales,,,,,,,,,,,,,,,,,,,,,,,,,
14,Hotel Grand H&R,,,,Villeta Mostrar en el mapa,COP 226.900,"2 noches, 1 adulto",Habitación Doble Estándar,1 cama doble,"8,0",,,,,,,,,,,,,,,,,,,,,,,,
15,Hotel Hacienda El Diamante,,,,Villeta Mostrar en el mapa,COP 572.000,"2 noches, 1 adulto",Habitación Individual,"2 camas
(1 individual, 1 doble)","8,7",,,,,,,,,,,,,,,,,,,,,,,,
16,Hotel Campestre Macondo,,,,Villeta Mostrar en el mapa,COP 274.000,"2 noches, 1 adulto",Habitación Doble,1 cama doble,,,,,,,,,,,,,,,,,,,,,,,,,
17,Hotel Pacifico,,,,Villeta Mostrar en el mapa,COP 314.000,"2 noches, 1 adulto",Habitación Doble - 2 camas,1 cama doble grande,"8,4",,,,,,,,,,,,,,,,,,,,,,,,
18,Villeta Resort Hotel,,,,Villeta Mostrar en el mapa,COP 487.160,"2 noches, 1 adulto",Habitación Doble - 2 camas,2 camas individuales,"7,9",,,,,,,,,,,,,,,,,,,,,,,,
19,Apartamentos Balcones de León,,,,Villeta Mostrar en el mapa,COP 665.000,"2 noches, 1 adulto",Apartamento de 3 dormitorios,"5 camas
(3 individuales, 1 doble, 1 futón)",,,,,,,,,,,,,,,,,,,,,,,,,
20,Hotel Viena,,,,Villeta Mostrar en el mapa,COP 342.000,"2 noches, 1 adulto",Suite Junior,1 cama doble grande,,,,,,,,,,,,,,,,,,,,,,,,,
21,Hotel spa Excalibur,,,,Villeta Mostrar en el mapa,COP 720.000,"2 noches, 1 adulto",Habitación Doble,1 cama doble,,,,,,,,,,,,,,,,,,,,,,,,,
22,Finca Calusa,,,,Villeta Mostrar en el mapa,COP 720.000,"2 noches, 1 adulto",Habitación Cuádruple con baño privado,"3 camas
(2 individuales, 1 doble extragrande)","7,9",,,,,,,,,,,,,,,,,,,,,,,,
23,Villa del Río Dulce Cabañas,,,,Villeta Mostrar en el mapa,COP 700.000,"2 noches, 1 adulto",Apartamento,,,,,,,,,,,,,,,,,,,,,,,,,,
24,Finca Miraflores (Cune),,,,Villeta Mostrar en el mapa,COP 1.530.000,"2 noches, 1 adulto",Casa de 3 habitaciones,"9 camas
(1 individual, 4 dobles, 1 litera, 3 sofás cama)",,,,,,,,,,,,,,,,,,,,,,,,,
25,Finca Miraflores (Cune),,,,Villeta Mostrar en el mapa,COP 1.530.000,"2 noches, 1 adulto",Casa de 3 habitaciones,"9 camas
(1 individual, 4 dobles, 1 litera, 3 sofás cama)",,,,,,,,,,,,,,,,,,,,,,,,,
26,Hotel Viena,,,,Villeta Mostrar en el mapa,COP 342.000,"2 noches, 1 adulto",Suite Junior,1 cama doble grande,,,,,,,,,,,,,,,,,,,,,,,,,
27,BOHIO FAMILIAR CONFORTABLE EN VILLETA,,,,Villeta Mostrar en el mapa,COP 1.630.000,"2 noches, 1 adulto",Villa,"9 camas
(4 individuales, 4 dobles, 1 doble extragrande)",,,,,,,,,,,,,,,,,,,,,,,,,
28,Grand H&R Casa 13,,,,Villeta Mostrar en el mapa,COP 1.550.000,"2 noches, 1 adulto",Casa,"7 camas
(1 individual, 4 dobles, 2 dobles extragrandes)",,,,,,,,,,,,,,,,,,,,,,,,,
29,Finca Hotel Santa Rita,,,,Villeta Mostrar en el mapa,COP 480.000,"2 noches, 1 adulto",Habitación Triple con baño privado,"2 camas
(1 individual, 1 doble)",,,,,,,,,,,,,,,,,,,,,,,,,
