,name,Mes,Dia Inicio,Dia Final,location,price,price_for,room_type,beds,rating,Hoteles+otros,Albergues+Alojamientos_Compartidos,Apartamentos+casas,Originales+Aire_Libre,Tipo_de_Alojamiento,Senderismo,Bañera,Baño_al_Aire_libre,Baño_publico,Tours_a_pie,Ciclismo,Parque_acuatico,Equitación,Parking,Habitaciones_Familiares,Habitaciones_No_Fumadores,Admite_Mascotas,Wifi_gratis,Restaurantes,Piscina,Servicio_Habitaciones,Adaptado_Movilidad_reducida,Spa_Y Centro_Bienestar,Gimnasio
0,Bellavista Campestre,Agosto,14,16,Villeta,COP 340.000,"2 noches, 1 adulto",Habitación Cuádruple Clásica,1 cama doble,"7,5",Si,Si,No,No,Casas_Rurales,No,Si,No,Si,No,No,No,No,Si,Si,Si,Si,No,Si,Si,Si,No,No,No
1,Habitacion en condominio casa campestre Villeta,Agosto,14,16,Villeta,COP 643.200,"2 noches, 1 adulto",Suite con cama grande,1 cama doble grande,"9,3",Si,Si,Si,Si,Habitaciones_en_Casas,No,Si,No,No,No,No,No,No,Si,Si,Si,Si,Si,No,Si,No,No,No,No
2,Mandala Hotel Concept,Agosto,14,16,Villeta,COP 1.170.000,"2 noches, 1 adulto",Estudio con cama extragrande y sofá cama,"3 camas
(1 individual, 1 sofá cama, 1 doble grande)","9,0",Si,Si,No,No,Hoteles,Si,Si,No,Si,No,No,No,No,Si,No,No,No,Si,Si,Si,Si,Si,Si,No
3,Casa de descanso villeta,Agosto,14,16,Villeta,COP 840.000,"2 noches, 1 adulto",Casa de 1 dormitorio,"8 camas
(2 individuales, 3 dobles, 2 literas, 1 sofá cama)",,No,Si,Si,Si,Casas_y_Chalet,No,Si,No,Si,No,No,No,No,Si,Si,Si,Si,No,No,Si,No,No,No,No
4,Hotel Villeta Suite,Agosto,14,16,Villeta,COP 390.000,"2 noches, 1 adulto",Habitación Doble,1 cama doble,"7,8",Si,Si,Si,Si,Hoteles,No,Si,No,Si,No,No,No,No,Si,Si,Si,No,Si,No,Si,Si,Si,Si,No
5,Casa Campestre Longares,Agosto,14,16,Villeta,COP 240.000,"2 noches, 1 adulto",Apartamento Estándar,1 cama doble,"8,7",Si,No,Si,Si,Apartamentos,No,Si,No,Si,No,No,No,No,Si,Si,No,Si,Si,Si,Si,Si,No,No,No
6,Hotel Pacifico,Agosto,14,16,Villeta,COP 314.000,"2 noches, 1 adulto",Habitación Doble - 2 camas,1 cama doble grande,"8,4",Si,Si,Si,Si,Hoteles,No,Si,No,No,No,No,No,No,Si,Si,Si,No,Si,Si,Si,Si,No,No,No
7,Hotel Alojamiento San Pedro In,Agosto,14,16,Villeta,COP 182.000,"2 noches, 1 adulto",Habitación Doble,1 cama doble,"8,0",Si,Si,Si,Si,Hoteles,Si,Si,No,Si,No,No,No,No,Si,Si,Si,Si,Si,Si,No,Si,No,No,No
8,VILLETA-SUITE 3PAX - FINCA ECOTURÍSTICA,Agosto,14,16,Villeta,COP 560.000,"2 noches, 1 adulto",Habitación Triple con baño,3 camas individuales,,Si,Si,Si,Si,Tented_camps,No,Si,No,No,No,No,No,No,Si,Si,No,Si,No,No,Si,No,No,No,No
9,Montaña Magica,Agosto,14,16,Villeta,COP 160.000,"2 noches, 1 adulto",Habitación Doble,1 cama individual,,Si,Si,Si,Si,Camping,No,Si,No,No,No,No,No,No,Si,No,Si,Si,No,No,Si,No,No,No,No
10,aparta hotel montaña mágica,Agosto,14,16,Villeta,COP 240.000,"2 noches, 1 adulto",Apartamento Estudio,"3 camas
(2 dobles, 1 sofá cama)",,No,Si,Si,Si,lodges,No,Si,No,No,No,No,No,No,Si,Si,Si,Si,No,Si,Si,Si,No,No,No
11,Casa en Payandé,Agosto,14,16,Villeta,COP 1.800.000,"2 noches, 1 adulto",Casa de 4 dormitorios,"12 camas
(7 individuales, 4 dobles, 1 sofá cama)",,No,Si,Si,Si,Casas_y_Chalet,No,Si,No,No,No,No,No,No,Si,No,No,Si,Si,Si,Si,No,Si,No,No
12,Hotel Playa By Marbar Hoteles,Agosto,14,16,Villeta,COP 350.000,"2 noches, 1 adulto",Habitación Doble,1 cama doble,"8,0",Si,Si,Si,Si,Hoteles,Si,Si,No,Si,No,No,No,No,Si,Si,Si,No,Si,Si,Si,Si,Si,Si,No
13,HOSTERIA VILLA DE ALCOCER,Agosto,14,16,Villeta,COP 80.000,"2 noches, 1 adulto",Cama en habitación compartida de 8 camas,1 cama individual,"9,1",Si,Si,Si,Si,Hoteles,No,Si,No,No,No,No,No,No,Si,Si,Si,No,Si,No,No,No,No,No,No
14,La finca de Juancho,Agosto,14,16,Villeta,COP 300.000,"2 noches, 1 adulto",Habitación Doble con baño privado,1 cama doble,,Si,Si,Si,Si,Hoteles,No,Si,No,No,No,No,No,No,Si,Si,Si,Si,No,Si,Si,No,No,No,Si
15,Hotel Grand H&R,Agosto,14,16,Villeta,COP 226.900,"2 noches, 1 adulto",Habitación Doble Estándar,1 cama doble,"7,9",Si,Si,Si,Si,Hoteles,No,Si,No,Si,No,No,No,No,Si,Si,Si,No,Si,Si,Si,Si,No,No,No
16,Hotel Campestre Macondo,Agosto,14,16,Villeta,COP 274.000,"2 noches, 1 adulto",Habitación Doble,1 cama doble,,Si,Si,Si,Si,Hoteles,Si,Si,No,Si,No,No,No,No,Si,Si,Si,Si,Si,Si,Si,Si,No,No,Si
17,Villeta Resort Hotel,Agosto,14,16,Villeta,COP 487.160,"2 noches, 1 adulto",Habitación Doble - 2 camas,2 camas individuales,"7,8",Si,Si,Si,Si,Hoteles,Si,Si,No,Si,No,No,No,No,Si,Si,No,No,Si,Si,Si,Si,No,Si,No
18,Finca Miraflores (Cune),Agosto,14,16,Villeta,COP 2.000.000,"2 noches, 1 adulto",Casa de 3 habitaciones,"9 camas
(2 individuales, 3 dobles, 1 litera, 3 sofás cama)",,No,Si,Si,Si,Casas_y_Chalet,No,Si,No,No,No,No,No,No,No,No,No,Si,No,No,Si,No,No,No,No
19,Dulce Morada Hostal,Agosto,14,16,Villeta,COP 60.000,"2 noches, 1 adulto",Litera en habitación compartida mixta con baño compartido,1 litera,"8,4",Si,Si,Si,Si,Hostales_pensiones,No,Si,No,Si,No,No,No,No,Si,Si,No,Si,Si,No,Si,No,No,No,No
20,Hotel Campestre Los Almendros,Agosto,14,16,Villeta,COP 280.000,"2 noches, 1 adulto",Habitación Deluxe,1 cama doble,"6,8",Si,Si,Si,Si,lodges,No,Si,No,Si,No,No,No,No,Si,Si,Si,Si,Si,Si,Si,Si,Si,No,No
21,Finca Calusa,Agosto,14,16,Villeta,COP 720.000,"2 noches, 1 adulto",Habitación Cuádruple con baño privado,"3 camas
(2 individuales, 1 doble extragrande)","7,9",Si,Si,Si,Si,Casas_Rurales,Si,Si,No,No,No,No,No,No,Si,Si,No,No,Si,No,Si,No,No,No,No
22,Hotel Zipa Villeta,Agosto,14,16,Villeta,COP 120.000,"2 noches, 1 adulto",Habitación Doble con baño privado,1 cama individual,"7,8",Si,Si,No,No,Hoteles,No,Si,No,No,No,No,No,No,Si,Si,No,No,Si,Si,No,No,No,No,No
23,Apartamentos Balcones de León,Agosto,14,16,Villeta,COP 665.000,"2 noches, 1 adulto",Apartamento de 3 dormitorios,"5 camas
(3 individuales, 1 doble, 1 futón)",,No,Si,Si,Si,Apartamentos,No,Si,No,No,No,No,No,No,No,Si,Si,Si,No,No,Si,No,No,No,No
24,Hotel Rio Alto,Agosto,14,16,Villeta,COP 300.000,"2 noches, 1 adulto",Habitación Doble - 2 camas,2 camas individuales,,Si,Si,Si,Si,Hoteles,No,Si,No,No,No,No,No,No,Si,Si,Si,Si,No,Si,Si,Si,No,No,No
25,Hotel spa Excalibur,Agosto,14,16,Villeta,COP 720.000,"2 noches, 1 adulto",Habitación Doble con baño privado,1 cama doble,,Si,Si,No,No,Hoteles,No,Si,No,Si,No,No,No,No,Si,Si,No,No,Si,Si,Si,Si,No,Si,No
26,Villa del Río Dulce Cabañas,Agosto,14,16,Villeta,COP 700.000,"2 noches, 1 adulto",Apartamento,,,No,No,Si,Si,lodges,No,Si,No,No,No,No,No,No,Si,Si,No,Si,No,No,Si,Si,No,No,No
27,Casa Campestre El Edén,Agosto,14,16,Villeta,COP 300.000,"2 noches, 1 adulto",Suite con vistas a la montaña,1 cama doble,,Si,No,Si,Si,Hoteles,No,Si,No,No,No,No,No,No,No,Si,Si,Si,Si,Si,Si,Si,No,No,No
28,Hotel Hacienda El Diamante,Agosto,14,16,Villeta,COP 572.000,"2 noches, 1 adulto",Habitación Individual,"2 camas
(1 individual, 1 doble)","8,5",Si,No,No,No,Hoteles,Si,Si,No,No,No,No,No,No,Si,Si,Si,No,Si,Si,Si,No,No,Si,No
29,Finca Hotel Santa Rita,Agosto,14,16,Villeta,COP 300.000,"2 noches, 1 adulto",Habitación Doble Deluxe,1 cama doble,,No,No,No,No,Hostales_pensiones,No,Si,No,Si,No,No,No,No,Si,Si,Si,Si,Si,No,Si,No,No,No,No
30,Finca Miraflores (Cune),Agosto,14,16,Villeta,COP 1.530.000,"2 noches, 1 adulto",Casa de 3 habitaciones,"9 camas
(1 individual, 4 dobles, 1 litera, 3 sofás cama)",,No,No,No,No,,No,No,No,No,No,No,No,No,No,No,No,No,No,No,No,No,No,No,No
31,Hotel Viena,Agosto,14,16,Villeta,COP 342.000,"2 noches, 1 adulto",Suite Junior,1 cama doble grande,,Si,No,No,No,Hoteles,No,Si,No,No,No,No,No,No,Si,Si,Si,No,Si,Si,Si,Si,No,Si,No
32,FINCA EL PARAISO,Agosto,14,16,Villeta,COP 312.000,"2 noches, 1 adulto",Habitación Familiar con vistas a la montaña,10 camas individuales,"9,2",Si,No,No,No,Agroturismo,Si,Si,No,No,No,No,No,No,Si,Si,Si,Si,No,No,No,No,No,No,No
33,BOHIO FAMILIAR CONFORTABLE EN VILLETA,Agosto,14,16,Villeta,COP 1.630.000,"2 noches, 1 adulto",Villa,"9 camas
(4 individuales, 4 dobles, 1 doble extragrande)",,No,No,No,No,Villas,Si,Si,No,Si,No,No,No,No,Si,Si,Si,Si,No,No,Si,No,No,No,No
34,Bellavista Campestre,Agosto,14,16,Villeta,COP 340.000,"2 noches, 1 adulto",Habitación Cuádruple Clásica,1 cama doble,"7,5",No,No,No,No,,No,No,No,No,No,No,No,No,No,No,No,No,No,No,No,No,No,No,No
35,Hotel Casa Ambrosia,Agosto,14,16,Villeta,COP 1.300.000,"2 noches, 1 adulto",Bungalow,1 cama doble,"8,7",No,No,No,No,Hoteles,Si,Si,No,No,No,No,No,No,Si,No,No,No,Si,Si,Si,Si,No,Si,No
