,name,Mes,Dia Inicio,Dia Final,location,price,price_for,room_type,beds,rating,Hoteles+otros,Albergues+Alojamientos_Compartidos,Apartamentos+casas,Originales+Aire_Libre,Tipo_de_Alojamiento,Senderismo,Bañera,Baño_al_Aire_libre,Baño_publico,Tours_a_pie,Ciclismo,Parque_acuatico,Equitación,Parking,Habitaciones_Familiares,Habitaciones_No_Fumadores,Admite_Mascotas,Wifi_gratis,Restaurantes,Piscina,Servicio_Habitaciones,Adaptado_Movilidad_reducida,Spa_Y Centro_Bienestar,Gimnasio
0,Brisas del Magdalena,,,,La Dorada Mostrar en el mapa,COP 90.000,"2 noches, 1 adulto",Habitación Doble Económica,1 cama doble,"8,1",,,,,,,,,,,,,,,,,,,,,,,,
1,Hotel Mall Santana Del Río,,,,La Dorada Mostrar en el mapa,COP 316.000,"2 noches, 1 adulto",Habitación Doble Estándar,Camas: 1 doble o 2 individuales,"8,7",,,,,,,,,,,,,,,,,,,,,,,,
2,Casa Luna,,,,La Dorada Mostrar en el mapa,COP 95.200,"2 noches, 1 adulto",Habitación con cama grande y vistas al jardín,"3 camas
(1 individual, 2 dobles)","9,1",,,,,,,,,,,,,,,,,,,,,,,,
3,Hotel Bella Isa,,,,La Dorada Mostrar en el mapa,COP 451.800,"2 noches, 1 adulto",Habitación cuádruple,"3 camas
(2 individuales, 1 doble)","8,4",,,,,,,,,,,,,,,,,,,,,,,,
4,Hotel Chicala salgar,,,,Puerto Salgar Mostrar en el mapa,COP 228.480,"2 noches, 1 adulto",Habitación Doble,1 cama doble,"7,9",,,,,,,,,,,,,,,,,,,,,,,,
5,CASA EGIPCIACA,,,,Palanquero Mostrar en el mapa,COP 700.000,"2 noches, 1 adulto",Casa de 4 dormitorios,"5 camas
(2 individuales, 3 dobles)",,,,,,,,,,,,,,,,,,,,,,,,,
6,Hacienda El Molino - Puerto Salgar,,,,Palanquero Mostrar en el mapa,COP 1.521.000,"2 noches, 1 adulto",Dúplex,"7 camas
(3 individuales, 4 dobles)",,,,,,,,,,,,,,,,,,,,,,,,,
