,name,Mes,Dia Inicio,Dia Final,location,price,price_for,room_type,beds,rating,Hoteles+otros,Albergues+Alojamientos_Compartidos,Apartamentos+casas,Originales+Aire_Libre,Tipo_de_Alojamiento,Senderismo,Bañera,Baño_al_Aire_libre,Baño_publico,Tours_a_pie,Ciclismo,Parque_acuatico,Equitación,Parking,Habitaciones_Familiares,Habitaciones_No_Fumadores,Admite_Mascotas,Wifi_gratis,Restaurantes,Piscina,Servicio_Habitaciones,Adaptado_Movilidad_reducida,Spa_Y Centro_Bienestar,Gimnasio
0,Brisas del Magdalena,Agosto,14,16,La Dorada,COP 90.000,"2 noches, 1 adulto",Habitación Doble Económica,1 cama doble,"8,1",Si,Si,No,Si,Habitaciones_en_Casas,No,No,Si,Si,No,No,No,No,Si,Si,Si,Si,Si,Si,No,Si,No,No,No
1,Hotel Bolivar Plaza,Agosto,14,16,La Dorada,COP 90.000,"2 noches, 1 adulto",Habitación Doble Estándar con ventilador,1 cama individual,"7,9",Si,Si,No,No,Hoteles,No,No,No,No,No,No,No,No,Si,No,Si,No,Si,No,Si,No,No,No,No
2,Hotel Mall Santana Del Río,Agosto,14,16,La Dorada,COP 316.000,"2 noches, 1 adulto",Habitación Doble Estándar,Camas: 1 doble o 2 individuales,"8,7",Si,Si,No,No,Hoteles,No,Si,Si,Si,No,No,No,No,Si,Si,Si,No,Si,Si,Si,Si,No,No,No
3,Hotel Bella Isa,Agosto,14,16,La Dorada,COP 451.800,"2 noches, 1 adulto",Habitación cuádruple,"3 camas
(2 individuales, 1 doble)","8,4",Si,Si,No,No,Hoteles,No,Si,No,No,No,No,No,No,Si,Si,No,Si,Si,Si,Si,Si,No,No,No
4,Hotel Chicala salgar,Agosto,14,16,Puerto Salgar,COP 228.480,"2 noches, 1 adulto",Habitación Doble,1 cama doble,"8,0",Si,Si,No,No,Hoteles,No,No,No,Si,No,No,No,No,Si,Si,No,Si,Si,Si,Si,Si,Si,No,No
5,CASA EGIPCIACA,Agosto,14,16,Palanquero,COP 700.000,"2 noches, 1 adulto",Casa de 4 dormitorios,"5 camas
(2 individuales, 3 dobles)",,No,No,Si,No,Casas_y_Chalet,No,No,No,No,No,No,No,No,No,No,No,Si,No,No,No,No,No,No,No
6,EL BOHIO CLUB,Agosto,14,16,Guaduas,COP 420.000,"2 noches, 1 adulto",Habitación Triple Estándar,2 camas individuales,"8,4",Si,Si,No,No,Hoteles,No,No,No,No,No,No,No,No,Si,Si,No,No,No,Si,Si,No,No,No,No
7,Hacienda El Molino - Puerto Salgar,Agosto,14,16,Palanquero,COP 1.638.000,"2 noches, 1 adulto",Dúplex,"7 camas
(3 individuales, 4 dobles)",,No,No,Si,No,Apartamentos,No,No,No,No,No,No,No,No,No,No,No,No,No,No,Si,No,No,No,No
8,Hacienda Bengala,Agosto,14,16,Norcasia,COP 1.125.000,"2 noches, 1 adulto",Casa de 4 dormitorios,"5 camas
(2 individuales, 3 dobles)",,No,No,Si,No,Casas_y_Chalet,No,No,Si,No,No,No,No,No,Si,Si,Si,No,Si,No,No,Si,No,No,No
9,Hotel Bolivar Plaza,Agosto,14,16,La Dorada,COP 90.000,"2 noches, 1 adulto",Habitación Doble Estándar con ventilador,1 cama individual,"7,9",No,No,No,No,,No,No,No,No,No,No,No,No,No,No,No,No,No,No,No,No,No,No,No
10,Hotel Mall Santana Del Río,Agosto,14,16,La Dorada,COP 316.000,"2 noches, 1 adulto",Habitación Doble Estándar,Camas: 1 doble o 2 individuales,"8,7",No,No,No,No,,No,No,No,No,No,No,No,No,No,No,No,No,No,No,No,No,No,No,No
11,Brisas del Magdalena,Agosto,14,16,La Dorada,COP 90.000,"2 noches, 1 adulto",Habitación Doble Económica,1 cama doble,"8,1",No,No,No,No,,No,No,No,No,No,No,No,No,No,No,No,No,No,No,No,No,No,No,No
12,Hotel Bella Isa,Agosto,14,16,La Dorada,COP 451.800,"2 noches, 1 adulto",Habitación cuádruple,"3 camas
(2 individuales, 1 doble)","8,4",No,No,No,No,,No,No,No,No,No,No,No,No,No,No,No,No,No,No,No,No,No,No,No
13,Hotel Chicala salgar,Agosto,14,16,Puerto Salgar,COP 228.480,"2 noches, 1 adulto",Habitación Doble,1 cama doble,"8,0",No,No,No,No,,No,No,No,No,No,No,No,No,No,No,No,No,No,No,No,No,No,No,No
14,CASA EGIPCIACA,Agosto,14,16,Palanquero,COP 700.000,"2 noches, 1 adulto",Casa de 4 dormitorios,"5 camas
(2 individuales, 3 dobles)",,No,No,No,No,,No,No,No,No,No,No,No,No,No,No,No,No,No,No,No,No,No,No,No
15,EL BOHIO CLUB,Agosto,14,16,Guaduas,COP 420.000,"2 noches, 1 adulto",Habitación Triple Estándar,2 camas individuales,"8,4",No,No,No,No,,No,No,No,No,No,No,No,No,No,No,No,No,No,No,No,No,No,No,No
16,Hacienda El Molino - Puerto Salgar,Agosto,14,16,Palanquero,COP 1.638.000,"2 noches, 1 adulto",Dúplex,"7 camas
(3 individuales, 4 dobles)",,No,No,No,No,,No,No,No,No,No,No,No,No,No,No,No,No,No,No,No,No,No,No,No
17,Hacienda Bengala,Agosto,14,16,Norcasia,COP 1.125.000,"2 noches, 1 adulto",Casa de 4 dormitorios,"5 camas
(2 individuales, 3 dobles)",,No,No,No,No,,No,No,No,No,No,No,No,No,No,No,No,No,No,No,No,No,No,No,No
