,name,Mes,Dia Inicio,Dia Final,location,price,price_for,room_type,beds,rating,Hoteles+otros,Albergues+Alojamientos_Compartidos,Apartamentos+casas,Originales+Aire_Libre,Tipo_de_Alojamiento,Senderismo,Bañera,Baño_al_Aire_libre,Baño_publico,Tours_a_pie,Ciclismo,Parque_acuatico,Equitación,Parking,Habitaciones_Familiares,Habitaciones_No_Fumadores,Admite_Mascotas,Wifi_gratis,Restaurantes,Piscina,Servicio_Habitaciones,Adaptado_Movilidad_reducida,Spa_Y Centro_Bienestar,Gimnasio
0,Brisas del Magdalena,,,,La Dorada Mostrar en el mapa,COP 90.000,"2 noches, 1 adulto",Habitación Doble Económica,1 cama doble,"8,1",,,,,,,,,,,,,,,,,,,,,,,,
1,CASA EGIPCIACA,,,,Palanquero Mostrar en el mapa,COP 700.000,"2 noches, 1 adulto",Casa de 4 dormitorios,"5 camas
(2 individuales, 3 dobles)",,,,,,,,,,,,,,,,,,,,,,,,,
2,EL BOHIO CLUB,,,,Guaduas Mostrar en el mapa,COP 420.000,"2 noches, 1 adulto",Habitación Triple Estándar,2 camas individuales,"8,4",,,,,,,,,,,,,,,,,,,,,,,,
