,name,Mes,Dia Inicio,Dia Final,location,price,price_for,room_type,beds,rating,Hoteles+otros,Albergues+Alojamientos_Compartidos,Apartamentos+casas,Originales+Aire_Libre,Tipo_de_Alojamiento,Senderismo,Bañera,Baño_al_Aire_libre,Baño_publico,Tours_a_pie,Ciclismo,Parque_acuatico,Equitación,Parking,Habitaciones_Familiares,Habitaciones_No_Fumadores,Admite_Mascotas,Wifi_gratis,Restaurantes,Piscina,Servicio_Habitaciones,Adaptado_Movilidad_reducida,Spa_Y Centro_Bienestar,Gimnasio
0,Hotel Aldea Plaza,Agosto,18,20,Doradal Mostrar en el mapa,COP 239.800,"2 noches, 1 adulto",Habitación Doble,1 cama doble grande,"8,7",Si,Si,No,No,Hoteles,No,No,No,Si,Si,No,No,No,Si,Si,Si,No,Si,Si,Si,Si,Si,No,No
1,Apartamentos ALDEA BELLA BOUTIQUE,Agosto,18,20,Doradal Mostrar en el mapa,COP 220.000,"2 noches, 1 adulto",Apartamento de 1 dormitorio,"3 camas
(1 individual, 1 doble, 1 sofá cama)","8,9",Si,No,Si,No,Apartamentos,No,No,No,No,No,No,No,No,No,Si,Si,Si,Si,No,No,No,No,No,No
2,Amaranthus Hotel,Agosto,18,20,Doradal Mostrar en el mapa,COP 300.000,"2 noches, 1 adulto",Habitación Estándar - 1 cama grande,1 cama doble extragrande,"8,5",Si,Si,No,No,Hoteles,Si,No,No,Si,Si,No,No,No,Si,Si,Si,Si,Si,Si,Si,Si,No,No,Si
3,Biohotel Rio Claro,Agosto,18,20,Doradal Mostrar en el mapa,COP 240.000,"2 noches, 1 adulto",Habitación Doble,1 cama doble,"6,9",Si,Si,No,No,Hoteles,No,No,No,Si,No,No,No,No,Si,Si,Si,Si,No,Si,No,No,Si,No,No
4,Hotel Puerto Triunfo,Agosto,18,20,Doradal Mostrar en el mapa,COP 160.000,"2 noches, 1 adulto",Habitación Individual,1 cama individual,"9,0",Si,Si,No,No,Hoteles,No,No,No,Si,No,No,No,No,Si,Si,Si,No,Si,No,Si,Si,No,No,No
5,Aldea Bella,Agosto,18,20,Doradal Mostrar en el mapa,COP 120.000,"2 noches, 1 adulto",Estudio Estándar,"2 camas
(1 individual, 1 doble)","7,7",Si,No,Si,No,Apartamentos,No,No,No,No,No,No,No,No,Si,Si,Si,No,Si,No,No,No,No,No,No
6,Hotel Sarali,Agosto,18,20,Doradal Mostrar en el mapa,COP 180.000,"2 noches, 1 adulto",Habitación Doble,1 cama doble,"8,6",Si,Si,No,No,Hoteles,No,No,No,Si,No,No,No,No,No,Si,No,No,Si,Si,No,No,No,No,No
7,Finca Hotel y Glamping California,Agosto,18,20,Doradal Mostrar en el mapa,COP 400.000,"2 noches, 1 adulto",Habitación Deluxe (2 adultos + 1 niño),"2 camas
(1 litera, 1 doble grande)","8,8",Si,Si,No,No,Hoteles,Si,No,No,Si,Si,No,No,No,Si,Si,No,Si,Si,Si,Si,Si,No,No,No
8,Finca en Doradal ( Hacienda Napoles y Rio Claro ),Agosto,18,20,Doradal Mostrar en el mapa,COP 496.000,"2 noches, 1 adulto",Casa de 4 dormitorios,"11 camas
(10 individuales, 1 doble)",,Si,No,Si,No,Casas_y_Chalet,Si,No,No,Si,No,No,No,No,No,Si,Si,No,No,No,No,No,No,No,No
9,Los Colores Eco Parque,Agosto,18,20,Doradal Mostrar en el mapa,COP 380.000,"2 noches, 1 adulto",Habitación Familiar Estándar,"3 camas
(2 individuales, 1 doble)","8,7",Si,Si,Si,No,Hoteles,Si,No,No,Si,Si,No,No,No,Si,Si,Si,No,Si,Si,Si,No,No,No,No
10,Finca Hotel La Manola,Agosto,18,20,Doradal Mostrar en el mapa,COP 320.000,"2 noches, 1 adulto",Habitación Doble,1 cama doble,"9,2",Si,Si,No,No,Hoteles,No,No,No,Si,No,No,No,No,Si,Si,Si,No,Si,Si,Si,No,No,No,No
11,Hotel Inversiones Napoles,Agosto,18,20,Doradal Mostrar en el mapa,COP 140.000,"2 noches, 1 adulto",Habitación Doble,1 cama doble,"7,3",Si,Si,No,No,Hoteles,No,No,No,No,No,No,No,No,Si,Si,Si,No,Si,Si,Si,No,No,No,No
12,Hotel Calinas,Agosto,18,20,Doradal Mostrar en el mapa,COP 180.000,"2 noches, 1 adulto",Habitación Doble - 1 o 2 camas,1 cama doble,"5,3",Si,Si,No,No,Hoteles,No,No,No,No,No,No,No,No,Si,Si,No,Si,Si,No,No,No,No,No,No
13,PARCELA LA CHOLA,Agosto,18,20,Doradal Mostrar en el mapa,COP 600.000,"2 noches, 1 adulto",Villa de 1 dormitorio,"4 camas
(2 individuales, 2 dobles)",,Si,No,Si,No,lodges,No,No,No,No,No,No,No,No,No,No,No,Si,No,No,No,No,No,No,No
14,Hotel Fonda Casa Blanca,Agosto,18,20,Doradal Mostrar en el mapa,COP 240.000,"2 noches, 1 adulto",Habitación Doble,1 cama doble grande,"8,3",Si,Si,No,No,Hoteles,No,No,No,No,No,No,No,No,Si,Si,No,No,Si,Si,No,No,Si,No,No
15,Zona Camping y Glamping Rios Claros,Agosto,18,20,Doradal Mostrar en el mapa,COP 160.000,"2 noches, 1 adulto",Tienda,3 camas dobles,"8,2",Si,No,Si,Si,Camping,Si,No,No,Si,No,No,No,No,Si,No,No,Si,No,No,No,No,No,No,No
16,Hotel Campestre El Refugio,Agosto,18,20,Doradal Mostrar en el mapa,COP 230.000,"2 noches, 1 adulto",Habitación Triple Clásica,"2 camas
(1 individual, 1 doble grande)","9,1",Si,Si,No,No,Hoteles,No,No,No,No,No,No,No,No,Si,No,No,No,Si,Si,Si,No,No,No,No
17,Finca campestre los potrillos,Agosto,18,20,Doradal Mostrar en el mapa,COP 144.000,"2 noches, 1 adulto",Habitación Doble Pequeña,1 cama doble,"8,7",Si,Si,No,No,Casas_Rurales,Si,No,No,Si,Si,No,No,No,Si,Si,No,Si,Si,Si,No,Si,Si,No,No
18,Cabaña la Aldea,Agosto,18,20,Doradal Mostrar en el mapa,COP 450.000,"2 noches, 1 adulto",Casa,"7 camas
(3 individuales, 2 dobles, 1 sofá cama, 1 doble grande)","9,2",Si,No,Si,No,Casas_y_Chalet,Si,No,No,No,No,No,No,No,Si,Si,No,Si,Si,No,No,No,No,No,No
19,Hotel Ozzy,Agosto,18,20,Doradal Mostrar en el mapa,COP 280.000,"2 noches, 1 adulto",Habitación Doble,1 cama doble,"8,6",Si,Si,No,No,Hoteles,No,No,No,Si,No,No,No,No,Si,Si,Si,Si,Si,No,No,Si,Si,No,No
20,Hotel Parador del Gitano,Agosto,18,20,Doradal Mostrar en el mapa,COP 532.920,"2 noches, 1 adulto",Habitación Doble,1 cama doble,"7,8",Si,Si,No,No,Hoteles,Si,No,No,No,No,No,No,No,Si,Si,Si,Si,Si,Si,Si,No,No,No,No
21,FINCA RIOS CLAROS,Agosto,18,20,Doradal Mostrar en el mapa,COP 220.000,"2 noches, 1 adulto",Habitación Deluxe (1 adulto + 1 niño),2 camas dobles,"8,5",Si,Si,No,No,Hostales_pensiones,Si,No,No,No,Si,No,No,No,Si,Si,No,Si,No,No,Si,No,No,No,No
22,Cabaña Familiar La Aldea Doradal,Agosto,18,20,Gesen Mostrar en el mapa,COP 1.140.000,"2 noches, 1 adulto",Apartamento con terraza,"12 camas
(10 individuales, 1 doble extragrande, 1 sofá cama)","8,6",Si,No,Si,No,Apartamentos,No,No,No,No,No,No,No,No,Si,Si,No,Si,No,No,No,No,No,No,No
23,Hotel Agualinda,Agosto,18,20,Puerto Triunfo Mostrar en el mapa,COP 460.000,"2 noches, 1 adulto",Habitación Doble Estándar,1 cama doble,"8,5",Si,Si,Si,No,Hoteles,No,No,No,Si,No,No,No,No,Si,Si,Si,Si,Si,Si,Si,Si,No,No,No
24,Finca El Cielo,Agosto,18,20,San Juan Mostrar en el mapa,COP 2.400.000,"2 noches, 1 adulto",Habitación Familiar,"6 camas
(3 individuales, 3 dobles grandes)",,Si,Si,No,No,Casas_Rurales,No,No,No,No,No,No,No,No,Si,Si,No,Si,No,No,Si,No,No,No,No
25,Experiencia Viva Hotel Campestre,Agosto,18,20,La Mesa Norte Mostrar en el mapa,COP 320.000,"2 noches, 1 adulto",Habitación Doble,1 cama doble,"9,1",No,Si,No,No,Hoteles,Si,No,No,Si,No,No,No,No,Si,Si,No,Si,No,Si,Si,No,No,No,No
26,Hotel La Gran Esquina,Agosto,18,20,Puerto Boyacá Mostrar en el mapa,COP 186.000,"2 noches, 1 adulto",Habitación Doble,2 camas individuales,"7,5",No,Si,No,No,Hoteles,No,No,No,No,No,No,No,No,Si,Si,Si,Si,Si,Si,No,Si,Si,No,No
27,Hotel Juanes,Agosto,18,20,Puerto Boyacá Mostrar en el mapa,COP 60.000,"2 noches, 1 adulto",Habitación Individual,1 cama individual,"8,4",No,Si,No,No,,No,No,No,No,No,No,No,No,Si,Si,Si,No,Si,No,No,No,No,No,No
28,Hotel Camino Real,Agosto,18,20,Puerto Boyacá Mostrar en el mapa,COP 100.000,"2 noches, 1 adulto",Habitación Individual Amplia,1 cama individual,"8,8",No,Si,No,No,Hoteles,No,No,No,No,No,No,No,No,Si,Si,No,Si,Si,No,No,Si,No,No,No
29,Hotel Centro Vacacional El Palmar,Agosto,18,20,Puerto Boyacá Mostrar en el mapa,COP 140.000,"2 noches, 1 adulto",Habitación Doble con balcón,1 cama doble,"8,1",No,Si,No,No,Hoteles,No,No,No,No,No,No,No,No,Si,No,No,Si,No,No,No,No,No,No,No
