,name,Mes,Dia Inicio,Dia Final,location,price,price_for,room_type,beds,rating,Hoteles+otros,Albergues+Alojamientos_Compartidos,Apartamentos+casas,Originales+Aire_Libre,Tipo_de_Alojamiento,Senderismo,Bañera,Baño_al_Aire_libre,Baño_publico,Tours_a_pie,Ciclismo,Parque_acuatico,Equitación,Parking,Habitaciones_Familiares,Habitaciones_No_Fumadores,Admite_Mascotas,Wifi_gratis,Restaurantes,Piscina,Servicio_Habitaciones,Adaptado_Movilidad_reducida,Spa_Y Centro_Bienestar,Gimnasio
0,Piioneros Nocaima,,,,Nocaima Mostrar en el mapa,COP 400.000,"2 noches, 1 adulto",Habitación Doble - 2 camas,2 camas dobles,,,,,,,,,,,,,,,,,,,,,,,,,
1,Hotel La Selva Agroecologica,,,,La Vega Mostrar en el mapa,COP 290.000,"2 noches, 1 adulto",Habitación Doble Estándar,1 cama doble,"9,3",,,,,,,,,,,,,,,,,,,,,,,,
2,La Finestra Spa Hotel Boutique,,,,La Vega Mostrar en el mapa,COP 592.000,"2 noches, 1 adulto",Habitación Doble,1 cama doble grande,"9,4",,,,,,,,,,,,,,,,,,,,,,,,
3,Villeta Resort Hotel,,,,Villeta Mostrar en el mapa,COP 487.160,"2 noches, 1 adulto",Habitación Doble - 2 camas,2 camas individuales,"7,9",,,,,,,,,,,,,,,,,,,,,,,,
4,Duck House,,,,La Vega Mostrar en el mapa,COP 242.000,"2 noches, 1 adulto",Habitación Doble Estándar con baño compartido,1 cama doble,"8,6",,,,,,,,,,,,,,,,,,,,,,,,
5,Hotel El Ancla,,,,La Vega Mostrar en el mapa,COP 340.000,"2 noches, 1 adulto",Habitación Doble,1 cama doble,"8,2",,,,,,,,,,,,,,,,,,,,,,,,
6,Natural Hotel de La Vega,,,,La Vega Mostrar en el mapa,COP 319.000,"2 noches, 1 adulto",Habitación Doble Económica,1 cama doble,"8,3",,,,,,,,,,,,,,,,,,,,,,,,
7,Glamping El Establo,,,,San Francisco Mostrar en el mapa,COP 280.000,"2 noches, 1 adulto",Tienda,"3 camas
(2 individuales, 1 doble grande)","9,3",,,,,,,,,,,,,,,,,,,,,,,,
8,Hotel Zipa Villeta,,,,Villeta Mostrar en el mapa,COP 360.000,"2 noches, 1 adulto",Habitación Doble con baño privado,1 cama doble,"7,8",,,,,,,,,,,,,,,,,,,,,,,,
9,Finca Jerusalen,,,,Tobia Mostrar en el mapa,COP 192.000,"2 noches, 1 adulto",Habitación Doble,1 cama doble,"8,2",,,,,,,,,,,,,,,,,,,,,,,,
10,El Romeron Casa de Campo,,,,San Francisco Mostrar en el mapa,COP 1.080.000,"2 noches, 1 adulto",Casa de 4 dormitorios,"6 camas
(2 individuales, 3 dobles, 1 doble grande)","9,7",,,,,,,,,,,,,,,,,,,,,,,,
11,Hotel Hacienda El Diamante,,,,Villeta Mostrar en el mapa,COP 572.000,"2 noches, 1 adulto",Habitación Individual,"2 camas
(1 individual, 1 doble)","8,7",,,,,,,,,,,,,,,,,,,,,,,,
12,Casa Cacao,,,,Sasaima Mostrar en el mapa,COP 480.000,"2 noches, 1 adulto",Habitación Doble - 2 camas,2 camas individuales,"9,6",,,,,,,,,,,,,,,,,,,,,,,,
13,Aire Libre Cabañas,,,,San Francisco Mostrar en el mapa,COP 192.000,"2 noches, 1 adulto",Habitación Doble con vistas a la montaña,1 cama doble,"9,8",,,,,,,,,,,,,,,,,,,,,,,,
14,Hotel Villeta Suite,,,,Villeta Mostrar en el mapa,COP 390.000,"2 noches, 1 adulto",Habitación Doble,1 cama doble,"7,8",,,,,,,,,,,,,,,,,,,,,,,,
15,Finca Agualinda,,,,San Francisco Mostrar en el mapa,COP 300.000,"2 noches, 1 adulto",Bungalow de 2 dormitorios,"4 camas
(2 dobles, 2 sofás cama)","9,4",,,,,,,,,,,,,,,,,,,,,,,,
16,La Casa del Arbol,,,,San Francisco Mostrar en el mapa,COP 340.000,"2 noches, 1 adulto",Habitación Doble,1 cama doble grande,"8,9",,,,,,,,,,,,,,,,,,,,,,,,
17,Hotel Campestre la Vega Inn,,,,La Vega Mostrar en el mapa,COP 240.000,"2 noches, 1 adulto",Habitación Doble,1 cama doble,"7,8",,,,,,,,,,,,,,,,,,,,,,,,
18,Hotel Casa Blanca,,,,Guaduas Mostrar en el mapa,COP 917.020,"2 noches, 1 adulto",Habitación Doble con balcón - 2 camas,2 camas dobles,"9,1",,,,,,,,,,,,,,,,,,,,,,,,
19,Dosis Verde,,,,Utica Mostrar en el mapa,COP 240.000,"2 noches, 1 adulto",Habitación cuádruple,"3 camas
(1 doble, 2 literas)","7,8",,,,,,,,,,,,,,,,,,,,,,,,
20,Desiderata Resort,,,,Guaduas Mostrar en el mapa,COP 180.000,"2 noches, 1 adulto",Habitación Doble,1 cama doble,"7,8",,,,,,,,,,,,,,,,,,,,,,,,
21,Hotel Shalom PHE Guaduas,,,,Guaduas Mostrar en el mapa,COP 132.000,"2 noches, 1 adulto",Habitación Doble,1 cama doble,"8,6",,,,,,,,,,,,,,,,,,,,,,,,
22,Finca Tanabucá,,,,La Vega Mostrar en el mapa,COP 480.000,"2 noches, 1 adulto",Casa de 3 habitaciones,"7 camas
(3 individuales, 1 doble extragrande, 1 sofá cama, 2 dobles grandes)","8,9",,,,,,,,,,,,,,,,,,,,,,,,
23,Entre Palos Eco Refugio,,,,San Francisco Mostrar en el mapa,COP 640.000,"2 noches, 1 adulto",Habitación con cama grande y vistas al jardín,"2 camas
(1 doble extragrande, 1 sofá cama)","9,5",,,,,,,,,,,,,,,,,,,,,,,,
24,Casa Campestre Condominio Bellavista,,,,Tobia Mostrar en el mapa,COP 2.200.000,"2 noches, 1 adulto",Casa de 4 dormitorios,"10 camas
(7 individuales, 3 dobles)","9,6",,,,,,,,,,,,,,,,,,,,,,,,
25,Hotel Campestre El Escape,,,,Utica Mostrar en el mapa,COP 107.400,"2 noches, 1 adulto",Habitación Cuádruple Estándar,"3 camas
(1 doble, 2 literas)","7,4",,,,,,,,,,,,,,,,,,,,,,,,
26,casa campeche,,,,Subachoque Mostrar en el mapa,COP 240.000,"2 noches, 1 adulto",Habitación Cuádruple con baño privado externo,1 litera,"9,2",,,,,,,,,,,,,,,,,,,,,,,,
27,JÖST La Vega Casa piscina natural. Pet friendly,,,,La Vega Mostrar en el mapa,COP 520.000,"2 noches, 1 adulto",Chalet de 3 dormitorios,"4 camas
(2 individuales, 2 dobles)",,,,,,,,,,,,,,,,,,,,,,,,,
28,Finca kenya,,,,La Vega Mostrar en el mapa,COP 1.980.000,"2 noches, 1 adulto",Casa de 6 dormitorios,"6 camas
(3 dobles extragrandes, 3 dobles grandes)",,,,,,,,,,,,,,,,,,,,,,,,,
29,Altozano Cabañas Nimaima,,,,Nimaima Mostrar en el mapa,COP 200.000,"2 noches, 1 adulto",Habitación Doble con baño privado,1 cama doble,,,,,,,,,,,,,,,,,,,,,,,,,
30,No Sólo Río,,,,La Vega Mostrar en el mapa,COP 640.000,"2 noches, 1 adulto",Chalet de 1 dormitorio,"2 camas
(1 sofá cama, 1 doble grande)","9,8",,,,,,,,,,,,,,,,,,,,,,,,
31,TierraViva,,,,Tobia Mostrar en el mapa,COP 120.000,"2 noches, 1 adulto",Habitación Doble con baño compartido - 1 o 2 camas,2 literas,"9,6",,,,,,,,,,,,,,,,,,,,,,,,
32,Hotel Turístico Victoria Real,,,,La Vega Mostrar en el mapa,COP 200.000,"2 noches, 1 adulto",Habitación Doble con baño privado,1 cama doble,"7,7",,,,,,,,,,,,,,,,,,,,,,,,
33,Finca Pozo Azul,,,,La Vega Mostrar en el mapa,COP 300.000,"2 noches, 1 adulto",Habitación Deluxe,1 cama doble,"8,5",,,,,,,,,,,,,,,,,,,,,,,,
34,Hospedaje en Altos del Tabacal,,,,La Vega Mostrar en el mapa,COP 640.000,"2 noches, 1 adulto",Chalet,1 cama doble,,,,,,,,,,,,,,,,,,,,,,,,,
35,El Tambo Eco Hotel,,,,La Vega Mostrar en el mapa,COP 250.000,"2 noches, 1 adulto",Habitación Doble Económica,1 cama doble,"9,0",,,,,,,,,,,,,,,,,,,,,,,,
36,Hotel La Puerta del Sol,,,,La Vega Mostrar en el mapa,COP 260.000,"2 noches, 1 adulto",Habitación Doble,1 cama doble,"8,5",,,,,,,,,,,,,,,,,,,,,,,,
37,PISTA MARIO KARTS VERGARA,,,,La Vega Mostrar en el mapa,COP 400.000,"2 noches, 1 adulto",Parcela,1 futón,,,,,,,,,,,,,,,,,,,,,,,,,
38,Hotel Guacana,,,,La Vega Mostrar en el mapa,COP 96.000,"2 noches, 1 adulto",Habitación Triple con baño privado,2 camas individuales,"7,5",,,,,,,,,,,,,,,,,,,,,,,,
39,el tambo,,,,La Vega Mostrar en el mapa,COP 400.000,"2 noches, 1 adulto",Habitación Doble - 2 camas dobles,2 camas dobles,,,,,,,,,,,,,,,,,,,,,,,,,
40,Grand H&R Casa 3,,,,Villeta Mostrar en el mapa,COP 1.400.000,"2 noches, 1 adulto",Casa,"7 camas
(4 dobles, 3 dobles extragrandes)",,,,,,,,,,,,,,,,,,,,,,,,,
41,Grand H&R Casa 13,,,,Villeta Mostrar en el mapa,COP 1.550.000,"2 noches, 1 adulto",Casa,"7 camas
(1 individual, 4 dobles, 2 dobles extragrandes)",,,,,,,,,,,,,,,,,,,,,,,,,
42,BOHIO FAMILIAR CONFORTABLE EN VILLETA,,,,Villeta Mostrar en el mapa,COP 1.630.000,"2 noches, 1 adulto",Villa,"9 camas
(4 individuales, 4 dobles, 1 doble extragrande)",,,,,,,,,,,,,,,,,,,,,,,,,
43,"El Paraiso, Casa Campestre en Condominio, Villeta",,,,Villeta Mostrar en el mapa,COP 1.350.000,"2 noches, 1 adulto",Villa de 2 dormitorios,"6 camas
(4 individuales, 2 dobles)","9,3",,,,,,,,,,,,,,,,,,,,,,,,
44,El Cafetero,,,,Sasaima Mostrar en el mapa,COP 480.000,"2 noches, 1 adulto",Camarote Familiar,8 literas,,,,,,,,,,,,,,,,,,,,,,,,,
45,Hotel Campestre La Gaitana,,,,Tobia Mostrar en el mapa,COP 360.000,"2 noches, 1 adulto",Habitación Doble,1 cama doble,"8,2",,,,,,,,,,,,,,,,,,,,,,,,
46,Hotel spa Excalibur,,,,Villeta Mostrar en el mapa,COP 720.000,"2 noches, 1 adulto",Habitación Doble con baño privado,1 cama doble,,,,,,,,,,,,,,,,,,,,,,,,,
47,Casa Campestre Longares,,,,Villeta Mostrar en el mapa,COP 240.000,"2 noches, 1 adulto",Apartamento Estándar,1 cama doble,"8,6",,,,,,,,,,,,,,,,,,,,,,,,
48,Home Boutique Natural Paradise,,,,La Vega Mostrar en el mapa,COP 700.000,"2 noches, 1 adulto",Habitación Doble - 2 camas dobles,2 camas dobles,"9,3",,,,,,,,,,,,,,,,,,,,,,,,
49,Casa Campestre El Edén,,,,Villeta Mostrar en el mapa,COP 300.000,"2 noches, 1 adulto",Suite con vistas a la montaña,1 cama doble,,,,,,,,,,,,,,,,,,,,,,,,,
50,Juan de la Vega Hotel,,,,La Vega Mostrar en el mapa,COP 320.000,"2 noches, 1 adulto",Habitación Doble Estándar,1 cama doble,"7,9",,,,,,,,,,,,,,,,,,,,,,,,
51,Cabaña Albisola,,,,La Vega Mostrar en el mapa,COP 700.000,"2 noches, 1 adulto",Habitación con cama grande y balcón,1 cama doble,"9,6",,,,,,,,,,,,,,,,,,,,,,,,
52,Espectacular casa campestre,,,,La Vega Mostrar en el mapa,COP 840.000,"2 noches, 1 adulto",Villa con piscina privada,"6 camas
(4 individuales, 1 doble, 1 doble grande)","8,6",,,,,,,,,,,,,,,,,,,,,,,,
53,AGUA VIVA CASA DE CAMPO,,,,La Vega Mostrar en el mapa,COP 280.000,"2 noches, 1 adulto",Suite,"3 camas
(1 individual, 1 doble, 1 sofá cama)",,,,,,,,,,,,,,,,,,,,,,,,,
54,Acualandia Fish,,,,Sasaima Mostrar en el mapa,COP 320.000,"2 noches, 1 adulto",Habitación Familiar con baño compartido,"3 camas
(2 individuales, 1 doble)","8,3",,,,,,,,,,,,,,,,,,,,,,,,
55,Dulce Morada Hostal,,,,Villeta Mostrar en el mapa,COP 60.000,"2 noches, 1 adulto",Litera en habitación compartida mixta con baño compartido,1 litera,"8,4",,,,,,,,,,,,,,,,,,,,,,,,
56,Hogar en la Montaña Home Sweet Home,,,,La Vega Mostrar en el mapa,COP 150.000,"2 noches, 1 adulto",Habitación Doble - 2 camas,2 camas dobles,"9,2",,,,,,,,,,,,,,,,,,,,,,,,
57,Casa de descanso villeta,,,,Villeta Mostrar en el mapa,COP 840.000,"2 noches, 1 adulto",Casa de 1 dormitorio,"8 camas
(2 individuales, 3 dobles, 2 literas, 1 sofá cama)",,,,,,,,,,,,,,,,,,,,,,,,,
58,Montaña Magica,,,,Villeta Mostrar en el mapa,COP 160.000,"2 noches, 1 adulto",Habitación Doble,1 cama individual,,,,,,,,,,,,,,,,,,,,,,,,,
59,aparta hotel montaña mágica,,,,Villeta Mostrar en el mapa,COP 240.000,"2 noches, 1 adulto",Apartamento Estudio,"3 camas
(2 dobles, 1 sofá cama)",,,,,,,,,,,,,,,,,,,,,,,,,
60,HOSTERIA VILLA DE ALCOCER,,,,Villeta Mostrar en el mapa,COP 80.000,"2 noches, 1 adulto",Cama en habitación compartida de 8 camas,1 cama individual,"9,1",,,,,,,,,,,,,,,,,,,,,,,,
61,Glamping en Container Sostenible CABINTAINER,,,,Supatá Mostrar en el mapa,COP 600.000,"2 noches, 1 adulto",Tienda,1 cama doble,,,,,,,,,,,,,,,,,,,,,,,,,
62,Primavera Ecoalbergue,,,,La Vega Mostrar en el mapa,COP 480.000,"2 noches, 1 adulto",Bungalow de 2 dormitorios,"4 camas
(1 individual, 1 doble, 2 literas)","8,5",,,,,,,,,,,,,,,,,,,,,,,,
63,Hotel Grand H&R,,,,Villeta Mostrar en el mapa,COP 226.900,"2 noches, 1 adulto",Habitación Doble Estándar,1 cama doble,"8,0",,,,,,,,,,,,,,,,,,,,,,,,
64,Hotel Pacifico,,,,Villeta Mostrar en el mapa,COP 314.000,"2 noches, 1 adulto",Habitación Doble - 2 camas,1 cama doble grande,"8,4",,,,,,,,,,,,,,,,,,,,,,,,
65,Apartamentos Balcones de León,,,,Villeta Mostrar en el mapa,COP 665.000,"2 noches, 1 adulto",Apartamento de 3 dormitorios,"5 camas
(3 individuales, 1 doble, 1 futón)",,,,,,,,,,,,,,,,,,,,,,,,,
66,FINCA DE DESCANSO RELAJACION Y DIVERSION,,,,La Vega Mostrar en el mapa,COP 1.680.000,"2 noches, 1 adulto",Habitación Doble - 1 o 2 camas,"9 camas
(4 individuales, 4 dobles, 1 doble grande)",,,,,,,,,,,,,,,,,,,,,,,,,
67,Hotel Viena,,,,Villeta Mostrar en el mapa,COP 342.000,"2 noches, 1 adulto",Suite Junior,1 cama doble grande,,,,,,,,,,,,,,,,,,,,,,,,,
68,FINCA EL PARAISO,,,,Villeta Mostrar en el mapa,COP 312.000,"2 noches, 1 adulto",Habitación Familiar con vistas a la montaña,10 camas individuales,"9,2",,,,,,,,,,,,,,,,,,,,,,,,
69,Fantastic country estate with an unbelievable view of the mountains,,,,La Vega Mostrar en el mapa,COP 678.760,"2 noches, 1 adulto",Casa,"11 camas
(6 individuales, 4 dobles, 1 sofá cama)",,,,,,,,,,,,,,,,,,,,,,,,,
70,Hotel Playa By Marbar Hoteles,,,,Villeta Mostrar en el mapa,COP 350.000,"2 noches, 1 adulto",Habitación Doble Pequeña,1 cama individual,"8,0",,,,,,,,,,,,,,,,,,,,,,,,
71,casa san francisco,,,,San Francisco Mostrar en el mapa,COP 80.000,"2 noches, 1 adulto",Chalet,"14 camas
(10 individuales, 4 dobles)",,,,,,,,,,,,,,,,,,,,,,,,,
72,Finca Villa Elenita,,,,Sasaima Mostrar en el mapa,COP 432.000,"2 noches, 1 adulto",Villa de 2 dormitorios,"2 camas
(1 doble, 1 doble grande)",,,,,,,,,,,,,,,,,,,,,,,,,
73,VILLETA-SUITE 3PAX - FINCA ECOTURÍSTICA,,,,Villeta Mostrar en el mapa,COP 560.000,"2 noches, 1 adulto",Habitación Triple con baño,3 camas individuales,,,,,,,,,,,,,,,,,,,,,,,,,
74,Hotel Alojamiento San Pedro In,,,,Villeta Mostrar en el mapa,COP 168.000,"2 noches, 1 adulto",Habitación Doble,1 cama doble,"8,0",,,,,,,,,,,,,,,,,,,,,,,,
75,Zoque bosque de niebla,,,,San Francisco Mostrar en el mapa,COP 700.000,"2 noches, 1 adulto",Habitación Deluxe (2 adultos + 1 niño),1 cama doble grande,,,,,,,,,,,,,,,,,,,,,,,,,
76,La finca de Juancho,,,,Villeta Mostrar en el mapa,COP 300.000,"2 noches, 1 adulto",Habitación Doble con baño privado,1 cama doble,,,,,,,,,,,,,,,,,,,,,,,,,
77,Cabañas Cuatro Caminos,,,,San Francisco Mostrar en el mapa,COP 798.000,"2 noches, 1 adulto",Villa de 2 dormitorios,3 camas dobles,,,,,,,,,,,,,,,,,,,,,,,,,
78,Hotel Rio Alto,,,,Villeta Mostrar en el mapa,COP 300.000,"2 noches, 1 adulto",Habitación Doble - 2 camas,2 camas individuales,,,,,,,,,,,,,,,,,,,,,,,,,
79,Hotel Campestre Macondo,,,,Villeta Mostrar en el mapa,COP 274.000,"2 noches, 1 adulto",Habitación Doble,1 cama doble,,,,,,,,,,,,,,,,,,,,,,,,,
80,Lomar Sol & Luna,,,,Sasaima Mostrar en el mapa,COP 800.000,"2 noches, 1 adulto",Habitación Familiar con vistas a la montaña,"6 camas
(5 literas, 1 doble grande)",,,,,,,,,,,,,,,,,,,,,,,,,
81,Finca Calusa,,,,Villeta Mostrar en el mapa,COP 720.000,"2 noches, 1 adulto",Habitación Cuádruple con baño privado,"3 camas
(2 individuales, 1 doble extragrande)","7,9",,,,,,,,,,,,,,,,,,,,,,,,
82,Villa del Río Dulce Cabañas,,,,Villeta Mostrar en el mapa,COP 700.000,"2 noches, 1 adulto",Apartamento,,,,,,,,,,,,,,,,,,,,,,,,,,
83,Villa Elena Finca Sasaima,,,,Sasaima Mostrar en el mapa,COP 1.050.000,"2 noches, 1 adulto",Villa Deluxe,"7 camas
(1 doble, 1 doble extragrande, 5 dobles grandes)",,,,,,,,,,,,,,,,,,,,,,,,,
84,Finca Hotel Santa Rita,,,,Villeta Mostrar en el mapa,COP 1.100.000,"2 noches, 1 adulto",Chalet,"9 camas
(2 individuales, 7 dobles)",,,,,,,,,,,,,,,,,,,,,,,,,
85,Yuva Glamping,,,,San Francisco Mostrar en el mapa,COP 1.512.000,"2 noches, 1 adulto",Habitación Deluxe,1 cama doble grande,"9,6",,,,,,,,,,,,,,,,,,,,,,,,
86,Glamping MagicLove,,,,San Francisco Mostrar en el mapa,COP 800.000,"2 noches, 1 adulto",Tienda,1 cama doble grande,,,,,,,,,,,,,,,,,,,,,,,,,
87,Villas del Río-Finca Hotel,,,,San Francisco Mostrar en el mapa,COP 700.000,"2 noches, 1 adulto",Habitación Deluxe - 1 cama grande,1 cama doble,"9,4",,,,,,,,,,,,,,,,,,,,,,,,
88,Cabaña Colibri,,,,San Francisco Mostrar en el mapa,COP 180.000,"2 noches, 1 adulto",Tienda,1 cama doble,,,,,,,,,,,,,,,,,,,,,,,,,
89,Hotel Nueva Ardenza,,,,San Francisco Mostrar en el mapa,COP 120.000,"2 noches, 1 adulto",Habitación Doble Deluxe - 1 o 2 camas,1 cama doble,"8,6",,,,,,,,,,,,,,,,,,,,,,,,
90,Cabaña finca Colibri,,,,San Francisco Mostrar en el mapa,COP 200.000,"2 noches, 1 adulto",Habitación Doble con balcón,1 cama individual,,,,,,,,,,,,,,,,,,,,,,,,,
91,Casa Tramonti Natura,,,,San Francisco Mostrar en el mapa,COP 240.000,"2 noches, 1 adulto",Habitación Familiar con balcón,"2 camas
(1 individual, 1 doble)",,,,,,,,,,,,,,,,,,,,,,,,,
92,Villa Laura finca de recreo,,,,San Francisco Mostrar en el mapa,COP 360.000,"2 noches, 1 adulto",Habitación Familiar Superior,"6 camas
(5 individuales, 1 doble grande)",,,,,,,,,,,,,,,,,,,,,,,,,
93,El Rinconcito Feliz,,,,San Francisco Mostrar en el mapa,COP 400.000,"2 noches, 1 adulto",Apartamento de 3 dormitorios,"7 camas
(1 individual, 2 dobles, 3 literas, 1 sofá cama)","8,5",,,,,,,,,,,,,,,,,,,,,,,,
94,Bellavista Campestre,,,,Villeta Mostrar en el mapa,COP 340.000,"2 noches, 1 adulto",Habitación Cuádruple Clásica,1 cama doble,"7,5",,,,,,,,,,,,,,,,,,,,,,,,
95,Villa Linda,,,,San Francisco Mostrar en el mapa,COP 210.000,"2 noches, 1 adulto",Habitación Familiar con baño privado,"2 camas
(1 individual, 1 doble)","8,5",,,,,,,,,,,,,,,,,,,,,,,,
96,Finca Miraflores (Cune),,,,Villeta Mostrar en el mapa,COP 1.530.000,"2 noches, 1 adulto",Casa de 3 habitaciones,"9 camas
(1 individual, 4 dobles, 1 litera, 3 sofás cama)",,,,,,,,,,,,,,,,,,,,,,,,,
97,Finca Miraflores (Cune),,,,Villeta Mostrar en el mapa,COP 2.000.000,"2 noches, 1 adulto",Casa de 3 habitaciones,"9 camas
(2 individuales, 3 dobles, 1 litera, 3 sofás cama)",,,,,,,,,,,,,,,,,,,,,,,,,
98,Shangri-la,,,,San Francisco Mostrar en el mapa,COP 486.000,"2 noches, 1 adulto",Habitación Doble - 2 camas,1 cama doble grande,,,,,,,,,,,,,,,,,,,,,,,,,
99,Naturaleza en armonia,,,,San Francisco Mostrar en el mapa,COP 240.000,"2 noches, 1 adulto",Habitación Doble con baño privado,1 cama individual,,,,,,,,,,,,,,,,,,,,,,,,,
100,Finca Jardín del agua,,,,Sasaima Mostrar en el mapa,COP 192.000,"2 noches, 1 adulto",Habitación Doble con baño privado,1 cama doble,"9,0",,,,,,,,,,,,,,,,,,,,,,,,
101,Finca Loma Linda,,,,San Francisco Mostrar en el mapa,COP 1.100.000,"2 noches, 1 adulto",Casa de 4 dormitorios,"10 camas
(3 individuales, 2 sofás cama, 5 dobles grandes)","8,8",,,,,,,,,,,,,,,,,,,,,,,,
102,Mandala Hotel Concept,,,,Villeta Mostrar en el mapa,COP 1.170.000,"2 noches, 1 adulto",Estudio con cama extragrande y sofá cama,"3 camas
(1 individual, 1 sofá cama, 1 doble grande)","9,1",,,,,,,,,,,,,,,,,,,,,,,,
103,Glamping Tierra Dulce,,,,Supatá Mostrar en el mapa,COP 600.000,"2 noches, 1 adulto",Tienda,1 cama doble,"9,5",,,,,,,,,,,,,,,,,,,,,,,,
104,Eco Glamping Aquamonti,,,,Supatá Mostrar en el mapa,COP 1.000.000,"2 noches, 1 adulto",Bungalow Deluxe,1 cama doble grande,10,,,,,,,,,,,,,,,,,,,,,,,,
105,Hostal Villa Canela,,,,Utica Mostrar en el mapa,COP 80.000,"2 noches, 1 adulto",Habitación Doble Estándar,1 cama doble,"9,3",,,,,,,,,,,,,,,,,,,,,,,,
106,Salvia Glamping,,,,San Francisco Mostrar en el mapa,COP 800.000,"2 noches, 1 adulto",Habitación Doble con baño privado,1 cama doble,"8,3",,,,,,,,,,,,,,,,,,,,,,,,
107,CASA RURAL LA PRIMAVERA GUADUAS,,,,Guaduas Mostrar en el mapa,COP 700.000,"2 noches, 1 adulto",Casa de 4 dormitorios,"8 camas
(2 individuales, 1 doble, 4 literas, 1 doble grande)",,,,,,,,,,,,,,,,,,,,,,,,,
108,Cabañas la Odisea,,,,Bogotá Mostrar en el mapa,COP 1.040.000,"2 noches, 1 adulto",Casa de 2 dormitorios,"4 camas
(2 individuales, 2 dobles)",,,,,,,,,,,,,,,,,,,,,,,,,
109,Posada Aventura,,,,Pacho Mostrar en el mapa,COP 140.000,"2 noches, 1 adulto",Habitación Doble grande - 2 camas,2 camas individuales,"9,2",,,,,,,,,,,,,,,,,,,,,,,,
110,Hotel Campestre Los Almendros,,,,Villeta Mostrar en el mapa,COP 280.000,"2 noches, 1 adulto",Habitación Deluxe,1 cama doble,"6,8",,,,,,,,,,,,,,,,,,,,,,,,
111,Luna Glamping Colombia,,,,El Peñón Mostrar en el mapa,COP 1.700.000,"2 noches, 1 adulto",Tienda,1 cama doble extragrande,,,,,,,,,,,,,,,,,,,,,,,,,
112,Apolonia Boutique,,,,Guaduas Mostrar en el mapa,COP 194.600,"2 noches, 1 adulto",Habitación Doble,1 cama doble,"8,3",,,,,,,,,,,,,,,,,,,,,,,,
113,Refugio Hills Glamping,,,,El Rosal Mostrar en el mapa,COP 860.000,"2 noches, 1 adulto",Habitación con cama extragrande y vistas a la montaña,1 cama doble extragrande,"9,3",,,,,,,,,,,,,,,,,,,,,,,,
114,Quinta Baroe,,,,Guaduas Mostrar en el mapa,COP 240.000,"2 noches, 1 adulto",Casa de 1 dormitorio,1 cama individual,"8,9",,,,,,,,,,,,,,,,,,,,,,,,
115,La Rosa Nautica Hostel,,,,Guaduas Mostrar en el mapa,COP 180.000,"2 noches, 1 adulto",Habitación Doble,1 cama doble,"8,9",,,,,,,,,,,,,,,,,,,,,,,,
116,Hostel La Casona 1859,,,,Guaduas Mostrar en el mapa,COP 50.000,"2 noches, 1 adulto",Habitación Doble,1 cama doble,"8,7",,,,,,,,,,,,,,,,,,,,,,,,
117,hospedaje vale y santi,,,,Guaduas Mostrar en el mapa,COP 80.000,"2 noches, 1 adulto",Habitación Deluxe - 1 cama grande,1 cama doble,,,,,,,,,,,,,,,,,,,,,,,,,
118,La Casa de la Abuela,,,,Guaduas Mostrar en el mapa,COP 100.000,"2 noches, 1 adulto",Habitación Doble - 2 camas,2 camas individuales,"9,5",,,,,,,,,,,,,,,,,,,,,,,,
119,Casa Ensueño Hogar Boutique,,,,Guaduas Mostrar en el mapa,COP 320.000,"2 noches, 1 adulto",Habitación Doble,1 cama doble grande,"9,4",,,,,,,,,,,,,,,,,,,,,,,,
120,El Portón de Enriqueta,,,,Guaduas Mostrar en el mapa,COP 240.340,"2 noches, 1 adulto",Habitación Doble,1 cama doble,"9,3",,,,,,,,,,,,,,,,,,,,,,,,
121,CasaSantander.,,,,Guaduas Mostrar en el mapa,COP 154.000,"2 noches, 1 adulto",Habitación Individual,1 cama individual,,,,,,,,,,,,,,,,,,,,,,,,,
122,Casa finca El Girasol,,,,Guayabal de Síquima Mostrar en el mapa,COP 288.000,"2 noches, 1 adulto",Casa,"3 camas
(1 doble, 2 sofás cama)","9,8",,,,,,,,,,,,,,,,,,,,,,,,
123,Casa Dornella - Casa de Hospedaje,,,,Guaduas Mostrar en el mapa,COP 260.000,"2 noches, 1 adulto",Habitación Doble,1 cama doble,"9,3",,,,,,,,,,,,,,,,,,,,,,,,
124,San Juan de los Guayabos,,,,Guaduas Mostrar en el mapa,COP 340.000,"2 noches, 1 adulto",Habitación Doble Deluxe (2 adultos + 1 niño),1 cama doble,,,,,,,,,,,,,,,,,,,,,,,,,
125,Casa Pacha,,,,Guaduas Mostrar en el mapa,COP 130.000,"2 noches, 1 adulto",Habitación Doble con baño privado,1 cama doble,"8,5",,,,,,,,,,,,,,,,,,,,,,,,
