,name,Mes,Dia Inicio,Dia Final,location,price,price_for,room_type,beds,rating,Hoteles+otros,Albergues+Alojamientos_Compartidos,Apartamentos+casas,Originales+Aire_Libre,Tipo_de_Alojamiento,Senderismo,Bañera,Baño_al_Aire_libre,Baño_publico,Tours_a_pie,Ciclismo,Parque_acuatico,Equitación,Parking,Habitaciones_Familiares,Habitaciones_No_Fumadores,Admite_Mascotas,Wifi_gratis,Restaurantes,Piscina,Servicio_Habitaciones,Adaptado_Movilidad_reducida,Spa_Y Centro_Bienestar,Gimnasio
0,Piioneros Nocaima,Agosto,18,20,Nocaima,COP 400.000,"2 noches, 1 adulto",Habitación Doble - 2 camas,2 camas dobles,,Si,Si,Si,Si,Hoteles,No,No,No,No,No,No,No,No,Si,Si,Si,Si,Si,Si,No,Si,No,No,No
1,Finca Hotel Guayacundo,Agosto,18,20,Vergara,COP 576.000,"2 noches, 1 adulto",Habitación Familiar,"3 camas
(1 individual, 2 dobles)","8,5",Si,Si,Si,Si,Hoteles,Si,Si,No,Si,Si,No,No,No,Si,Si,Si,Si,No,Si,Si,Si,Si,No,No
2,Hotel La Selva Agroecologica,Agosto,18,20,La Vega,COP 530.000,"2 noches, 1 adulto",Habitación Triple con vistas a la montaña,"2 camas
(1 individual, 1 doble)","9,3",Si,Si,Si,Si,Hoteles,Si,No,No,No,Si,No,No,No,Si,Si,Si,No,Si,Si,Si,No,Si,Si,No
3,La Finestra Spa Hotel Boutique,Agosto,18,20,La Vega,COP 592.000,"2 noches, 1 adulto",Habitación Doble,1 cama doble grande,"9,4",Si,Si,Si,Si,Hoteles,Si,Si,No,No,No,No,No,No,Si,Si,Si,Si,Si,Si,No,Si,No,Si,No
4,Villeta Resort Hotel,Agosto,18,20,Villeta,COP 487.160,"2 noches, 1 adulto",Habitación Doble - 2 camas,2 camas individuales,"7,8",Si,Si,Si,Si,Hoteles,Si,No,No,Si,No,No,No,No,Si,Si,No,No,Si,Si,Si,Si,No,Si,No
5,Duck House,Agosto,18,20,La Vega,COP 242.000,"2 noches, 1 adulto",Habitación Doble Estándar con baño compartido,1 cama doble,"8,6",Si,Si,Si,Si,Hoteles,Si,Si,No,No,Si,No,No,No,Si,No,Si,No,No,Si,Si,Si,No,Si,No
6,Hotel El Ancla,Agosto,18,20,La Vega,COP 340.000,"2 noches, 1 adulto",Habitación Doble,1 cama doble,"8,2",Si,Si,Si,Si,Hoteles,No,Si,No,No,No,No,No,No,Si,Si,Si,No,Si,Si,Si,No,No,No,No
7,Natural Hotel de La Vega,Agosto,18,20,La Vega,COP 319.000,"2 noches, 1 adulto",Habitación Doble Económica,1 cama doble,"8,3",Si,Si,Si,Si,Hoteles,No,No,No,No,No,No,No,No,No,Si,No,No,Si,No,Si,Si,No,No,No
8,Glamping El Establo,Agosto,18,20,San Francisco,COP 280.000,"2 noches, 1 adulto",Tienda,"3 camas
(2 individuales, 1 doble grande)","9,3",Si,Si,Si,Si,Camping,Si,No,No,No,Si,No,No,No,Si,Si,No,Si,Si,Si,No,Si,Si,Si,No
9,Hotel Zipa Villeta,Agosto,18,20,Villeta,COP 120.000,"2 noches, 1 adulto",Habitación Doble con baño privado,1 cama individual,"7,8",Si,Si,Si,Si,Hoteles,No,No,No,No,No,No,No,No,Si,Si,No,No,Si,Si,No,No,No,No,No
10,El Pueblito - Amigos del Campo,Agosto,18,20,Sasaima,COP 453.780,"2 noches, 1 adulto",Habitación Familiar con baño,"2 camas
(1 doble, 1 litera)","8,9",Si,Si,Si,Si,Hoteles,Si,No,No,No,No,No,No,No,Si,Si,No,No,Si,Si,Si,No,No,No,No
11,Finca Jerusalen,Agosto,18,20,Tobia,COP 192.000,"2 noches, 1 adulto",Habitación Doble,1 cama doble,"8,2",Si,Si,Si,Si,Casas_Rurales,Si,No,No,No,No,No,No,No,Si,Si,No,No,Si,Si,No,Si,No,No,No
12,El Romeron Casa de Campo,Agosto,18,20,San Francisco,COP 360.000,"2 noches, 1 adulto",Habitación Doble con balcón (2 adultos + 1 niño),"2 camas
(1 individual, 1 doble grande)","9,7",Si,Si,Si,Si,Casas_Rurales,Si,No,No,No,No,No,No,No,Si,No,No,No,Si,No,No,No,No,No,No
13,Hotel Hacienda El Diamante,Agosto,18,20,Villeta,COP 572.000,"2 noches, 1 adulto",Habitación Individual,"2 camas
(1 individual, 1 doble)","8,6",Si,Si,Si,Si,Hoteles,Si,Si,No,No,Si,No,No,No,Si,Si,Si,No,Si,Si,Si,No,No,Si,No
14,Casa Cacao,Agosto,18,20,Sasaima,COP 480.000,"2 noches, 1 adulto",Habitación Doble - 2 camas,2 camas individuales,"9,6",Si,Si,Si,Si,Casas_Rurales,Si,No,No,No,No,No,No,No,Si,No,Si,No,No,No,No,No,No,No,No
15,Aire Libre Cabañas,Agosto,18,20,San Francisco,COP 192.000,"2 noches, 1 adulto",Habitación Doble con vistas a la montaña,1 cama doble,"9,8",Si,Si,Si,Si,Casas_Rurales,No,No,No,No,No,No,No,No,Si,Si,Si,No,Si,No,No,No,No,No,No
16,Hotel Villeta Suite,Agosto,18,20,Villeta,COP 390.000,"2 noches, 1 adulto",Habitación Doble,1 cama doble,"7,8",Si,Si,Si,Si,Hoteles,No,Si,No,Si,Si,No,No,No,Si,Si,Si,No,Si,No,Si,Si,Si,Si,No
17,Finca Agualinda,Agosto,18,20,San Francisco,COP 300.000,"2 noches, 1 adulto",Bungalow de 2 dormitorios,"4 camas
(2 dobles, 2 sofás cama)","9,4",Si,Si,Si,Si,lodges,Si,No,No,No,Si,No,No,No,Si,Si,Si,No,Si,No,Si,No,No,No,No
18,Hotel Casa Ambrosia,Agosto,18,20,Villeta,COP 1.300.000,"2 noches, 1 adulto",Bungalow,1 cama doble,"8,7",Si,Si,Si,Si,Hoteles,Si,Si,No,No,No,No,No,No,Si,No,No,No,Si,Si,Si,Si,No,Si,No
19,Hotel Campestre la Vega Inn,Agosto,18,20,La Vega,COP 240.000,"2 noches, 1 adulto",Habitación Doble,1 cama doble,"7,8",Si,Si,Si,Si,Hoteles,No,Si,No,Si,No,No,No,No,Si,Si,Si,No,Si,Si,Si,No,Si,No,No
20,Hotel Casa Blanca,Agosto,18,20,Guaduas,COP 917.020,"2 noches, 1 adulto",Habitación Doble con balcón - 2 camas,2 camas dobles,"9,1",Si,Si,Si,Si,Hoteles,No,Si,No,No,No,No,No,No,No,Si,Si,No,No,Si,Si,Si,No,No,No
21,Dosis Verde,Agosto,18,20,Utica,COP 240.000,"2 noches, 1 adulto",Habitación cuádruple,"3 camas
(1 doble, 2 literas)","8,2",Si,Si,Si,Si,Hoteles,Si,No,No,Si,No,No,No,No,Si,Si,No,No,Si,Si,Si,No,No,No,No
22,Desiderata Resort,Agosto,18,20,Guaduas,COP 180.000,"2 noches, 1 adulto",Habitación Doble,1 cama doble,"7,8",Si,Si,Si,Si,Hoteles,Si,No,No,Si,No,No,No,No,Si,Si,No,Si,Si,Si,Si,Si,Si,No,No
23,Hotel Shalom PHE Guaduas,Agosto,18,20,Guaduas,COP 132.000,"2 noches, 1 adulto",Habitación Doble,1 cama doble,"8,6",Si,Si,Si,Si,Hoteles,No,No,No,No,No,No,No,No,Si,Si,Si,No,Si,Si,No,Si,No,No,No
24,Finca Tanabucá,Agosto,18,20,La Vega,COP 480.000,"2 noches, 1 adulto",Casa de 3 habitaciones,"7 camas
(3 individuales, 1 doble extragrande, 1 sofá cama, 2 dobles grandes)","8,9",Si,Si,Si,Si,Casas_y_Chalet,Si,No,No,No,No,No,No,No,Si,No,Si,Si,No,No,No,No,No,No,No
25,Entre Palos Eco Refugio,Agosto,18,20,San Francisco,COP 640.000,"2 noches, 1 adulto",Habitación con cama grande y vistas al jardín,"2 camas
(1 doble extragrande, 1 sofá cama)","9,5",No,No,No,No,Casas_Rurales,Si,No,No,No,Si,No,No,No,Si,Si,Si,No,Si,Si,No,No,No,No,No
26,Hotel Campestre El Escape,Agosto,18,20,Utica,COP 107.400,"2 noches, 1 adulto",Habitación Cuádruple Estándar,"3 camas
(1 doble, 2 literas)","7,4",No,No,No,No,Hoteles,Si,No,No,No,No,No,No,No,Si,Si,No,No,No,Si,Si,No,No,No,No
27,casa campeche,Agosto,18,20,Subachoque,COP 240.000,"2 noches, 1 adulto",Habitación Cuádruple con baño privado externo,1 litera,"9,2",No,No,No,No,Casas_Rurales,Si,No,No,Si,Si,No,No,No,Si,Si,Si,Si,Si,No,No,Si,Si,No,No
28,Finca kenya,Agosto,18,20,La Vega,COP 1.980.000,"2 noches, 1 adulto",Casa de 6 dormitorios,"6 camas
(3 dobles extragrandes, 3 dobles grandes)",,No,No,No,No,Casas_y_Chalet,No,No,No,No,No,No,No,No,Si,Si,Si,Si,No,No,Si,No,Si,No,No
29,JÖST La Vega Casa piscina natural. Pet friendly,Agosto,18,20,La Vega,COP 520.000,"2 noches, 1 adulto",Chalet de 3 dormitorios,"4 camas
(2 individuales, 2 dobles)",,No,No,No,No,Chalets_Montaña,Si,No,No,No,No,No,No,No,Si,Si,No,Si,No,No,Si,No,No,No,No
30,Altozano Cabañas Nimaima,Agosto,18,20,Nimaima,COP 200.000,"2 noches, 1 adulto",Habitación Doble con baño privado,1 cama doble,,No,No,No,No,lodges,No,No,No,No,No,No,No,No,Si,No,No,Si,No,Si,No,No,No,No,No
31,No Sólo Río,Agosto,18,20,La Vega,COP 640.000,"2 noches, 1 adulto",Chalet de 1 dormitorio,"2 camas
(1 sofá cama, 1 doble grande)","9,8",No,No,No,No,Agroturismo,Si,Si,No,No,Si,No,No,No,Si,No,Si,No,Si,No,Si,No,No,No,No
32,TierraViva,Agosto,18,20,Tobia,COP 120.000,"2 noches, 1 adulto",Habitación Doble con baño compartido - 1 o 2 camas,2 literas,"9,6",No,No,No,No,Casas_Rurales,No,Si,No,Si,No,No,No,No,Si,Si,Si,Si,No,Si,Si,No,No,No,No
33,Finca Pozo Azul,Agosto,18,20,La Vega,COP 240.000,"2 noches, 1 adulto",Habitación Deluxe,1 cama doble,"8,5",No,No,No,No,Agroturismo,Si,No,No,Si,No,No,No,No,No,Si,Si,No,No,Si,Si,No,No,No,No
34,Hotel Turístico Victoria Real,Agosto,18,20,La Vega,COP 200.000,"2 noches, 1 adulto",Habitación Doble con baño privado,1 cama doble,"7,8",No,No,No,No,Hoteles,No,No,No,Si,No,No,No,No,Si,Si,Si,No,Si,Si,Si,Si,Si,No,No
35,PISTA MARIO KARTS VERGARA,Agosto,18,20,La Vega,COP 400.000,"2 noches, 1 adulto",Parcela,1 futón,,No,No,No,No,Camping,No,No,No,Si,Si,No,No,No,Si,Si,Si,Si,No,No,No,No,No,No,No
36,El Tambo Eco Hotel,Agosto,18,20,La Vega,COP 250.000,"2 noches, 1 adulto",Habitación Doble Económica,1 cama doble,"9,0",No,No,No,No,Hoteles,No,No,No,No,No,No,No,No,Si,Si,No,No,Si,Si,Si,No,No,No,No
37,Hotel Casa Moreno La Vega,Agosto,18,20,La Vega,COP 240.000,"2 noches, 1 adulto",Habitación Doble - 2 camas,"2 camas
(1 individual, 1 doble)","8,8",No,No,No,No,Hoteles,Si,No,No,Si,No,No,No,No,Si,Si,No,Si,Si,Si,Si,Si,Si,No,No
38,Hotel Guacana,Agosto,18,20,La Vega,COP 60.000,"2 noches, 1 adulto",Habitación Triple con baño privado,2 camas individuales,"7,5",No,No,No,No,Hoteles,Si,No,No,No,Si,No,No,No,Si,Si,No,Si,Si,Si,No,Si,Si,No,Si
39,Casa del Árbol Colombia,Agosto,18,20,Tobia,COP 780.000,"2 noches, 1 adulto",Villa de 1 dormitorio,"2 camas
(1 doble, 1 sofá cama)",,No,No,No,No,Villas,Si,No,No,Si,No,No,No,No,Si,Si,No,No,No,Si,No,Si,No,No,No
40,Hotel La Puerta del Sol,Agosto,18,20,La Vega,COP 260.000,"2 noches, 1 adulto",Habitación Doble,1 cama doble,"8,5",No,No,No,No,Hoteles,No,Si,No,Si,No,No,No,No,Si,Si,Si,Si,Si,No,Si,Si,No,No,No
41,el tambo,Agosto,18,20,La Vega,COP 400.000,"2 noches, 1 adulto",Habitación Doble - 2 camas dobles,2 camas individuales,,No,No,No,No,Casas_Rurales,No,No,No,No,No,No,No,No,Si,No,No,No,No,No,Si,No,No,No,No
42,BOHIO FAMILIAR CONFORTABLE EN VILLETA,Agosto,18,20,Villeta,COP 1.630.000,"2 noches, 1 adulto",Villa,"9 camas
(4 individuales, 4 dobles, 1 doble extragrande)",,No,No,No,No,Villas,Si,Si,No,Si,No,No,No,No,Si,Si,Si,Si,No,No,Si,No,No,No,No
43,Hotel Campestre La Gaitana,Agosto,18,20,Tobia,COP 360.000,"2 noches, 1 adulto",Habitación Doble,1 cama doble,"8,2",No,No,No,No,Hoteles,Si,No,No,Si,No,No,No,No,Si,Si,Si,No,No,Si,Si,No,No,No,Si
44,El Cafetero,Agosto,18,20,Sasaima,COP 480.000,"2 noches, 1 adulto",Camarote Familiar,8 literas,,No,No,No,No,Agroturismo,Si,No,No,Si,No,No,No,No,Si,Si,Si,Si,No,Si,Si,No,No,No,No
45,Hotel spa Excalibur,Agosto,18,20,Villeta,COP 720.000,"2 noches, 1 adulto",Habitación Doble con baño privado,1 cama doble,,No,No,No,No,Hoteles,No,Si,No,Si,No,No,No,No,Si,Si,No,No,Si,Si,Si,Si,No,Si,No
46,Habitacion en condominio casa campestre Villeta,Agosto,18,20,Villeta,COP 643.200,"2 noches, 1 adulto",Suite con cama grande,1 cama doble grande,"9,3",No,No,No,No,Habitaciones_en_Casas,No,No,No,No,No,No,No,No,Si,Si,Si,Si,Si,No,Si,No,No,No,No
47,Home Boutique Natural Paradise,Agosto,18,20,La Vega,COP 700.000,"2 noches, 1 adulto",Habitación Doble - 2 camas dobles,2 camas dobles,"9,3",No,No,No,No,Habitaciones_en_Casas,Si,Si,No,No,No,No,No,No,Si,Si,Si,No,Si,No,Si,No,No,No,No
48,Casa Campestre Longares,Agosto,18,20,Villeta,COP 240.000,"2 noches, 1 adulto",Apartamento Estándar,1 cama doble,"8,7",No,No,No,No,Apartamentos,No,No,No,Si,No,No,No,No,Si,Si,No,Si,Si,Si,Si,Si,No,No,No
49,Casa Campestre El Edén,Agosto,18,20,Villeta,COP 300.000,"2 noches, 1 adulto",Suite con vistas a la montaña,1 cama doble,,No,No,No,No,Hoteles,No,No,No,No,No,No,No,No,Si,Si,Si,Si,Si,Si,Si,Si,No,No,No
50,AGUA VIVA CASA DE CAMPO,Agosto,18,20,La Vega,COP 280.000,"2 noches, 1 adulto",Suite,"3 camas
(1 individual, 1 doble, 1 sofá cama)",,No,No,No,No,Hoteles,No,No,No,No,No,No,No,No,Si,Si,Si,No,No,Si,Si,Si,No,No,No
51,Acualandia Fish,Agosto,18,20,Sasaima,COP 320.000,"2 noches, 1 adulto",Habitación Familiar con baño compartido,"3 camas
(2 individuales, 1 doble)","8,3",No,No,No,No,Agroturismo,Si,No,No,Si,Si,No,No,No,Si,Si,Si,No,Si,Si,No,No,Si,No,No
52,Montaña Magica,Agosto,18,20,Villeta,COP 160.000,"2 noches, 1 adulto",Habitación Doble,1 cama individual,,No,No,No,No,Camping,No,No,No,No,No,No,No,No,Si,No,Si,Si,No,No,Si,No,No,No,No
53,aparta hotel montaña mágica,Agosto,18,20,Villeta,COP 240.000,"2 noches, 1 adulto",Apartamento Estudio,"3 camas
(2 dobles, 1 sofá cama)",,No,No,No,No,lodges,No,No,No,No,No,No,No,No,No,Si,Si,Si,No,Si,Si,Si,No,No,No
54,Hogar en la Montaña Home Sweet Home,Agosto,18,20,La Vega,COP 150.000,"2 noches, 1 adulto",Habitación Doble - 2 camas,2 camas dobles,"9,2",No,No,No,No,Casas_Rurales,Si,No,No,No,Si,No,No,No,No,Si,No,Si,Si,Si,Si,No,No,No,No
55,Glamping en Container Sostenible CABINTAINER,Agosto,18,20,Supatá,COP 600.000,"2 noches, 1 adulto",Tienda,1 cama doble,,No,No,No,No,Camping,No,Si,No,No,No,No,No,No,No,No,Si,Si,No,No,No,No,No,No,No
56,Dulce Morada Hostal,Agosto,18,20,Villeta,COP 60.000,"2 noches, 1 adulto",Litera en habitación compartida mixta con baño compartido,1 litera,"8,4",No,No,No,No,Hostales_pensiones,No,No,No,Si,No,No,No,No,No,Si,No,Si,Si,No,Si,No,No,No,No
57,Primavera Ecoalbergue,Agosto,18,20,La Vega,COP 480.000,"2 noches, 1 adulto",Bungalow de 2 dormitorios,"4 camas
(1 individual, 1 doble, 2 literas)","8,5",No,No,No,No,Agroturismo,Si,No,No,Si,No,No,No,No,No,Si,Si,Si,No,No,No,No,No,No,No
58,Hotel Grand H&R,Agosto,18,20,Villeta,COP 226.900,"2 noches, 1 adulto",Habitación Doble Estándar,1 cama doble,"8,0",No,No,No,No,Hoteles,No,No,No,Si,Si,No,No,No,No,No,Si,No,Si,Si,Si,Si,No,No,No
59,Hotel Pacifico,Agosto,18,20,Villeta,COP 314.000,"2 noches, 1 adulto",Habitación Doble - 2 camas,1 cama doble grande,"8,4",No,No,No,No,Hoteles,No,No,No,No,No,No,No,No,No,Si,Si,No,Si,Si,Si,Si,No,No,No
60,Apartamentos Balcones de León,Agosto,18,20,Villeta,COP 665.000,"2 noches, 1 adulto",Apartamento de 3 dormitorios,"5 camas
(3 individuales, 1 doble, 1 futón)",,No,No,No,No,Apartamentos,No,No,No,No,No,No,No,No,No,No,Si,Si,No,No,Si,No,No,No,No
61,FINCA DE DESCANSO RELAJACION Y DIVERSION,Agosto,18,20,La Vega,COP 1.680.000,"2 noches, 1 adulto",Habitación Doble - 1 o 2 camas,"9 camas
(4 individuales, 4 dobles, 1 doble grande)",,No,No,No,No,lodges,No,Si,No,No,No,No,No,No,No,No,No,Si,No,No,No,Si,No,No,No
62,Casa de descanso villeta,Agosto,18,20,Villeta,COP 840.000,"2 noches, 1 adulto",Casa de 1 dormitorio,"8 camas
(2 individuales, 3 dobles, 2 literas, 1 sofá cama)",,No,No,No,No,Casas_y_Chalet,No,No,No,Si,No,No,No,No,No,Si,Si,Si,No,No,Si,No,No,No,No
63,HOSTERIA VILLA DE ALCOCER,Agosto,18,20,Villeta,COP 80.000,"2 noches, 1 adulto",Cama en habitación compartida de 8 camas,1 cama individual,"9,1",No,No,No,No,Hoteles,No,No,No,No,No,No,No,No,No,No,Si,No,Si,No,No,No,No,No,No
64,Finca Los Leones,Agosto,18,20,La Vega,COP 900.000,"2 noches, 1 adulto",Habitación Doble con vistas al parque,"7 camas
(4 individuales, 3 dobles)","8,9",No,No,No,No,Casas_y_Chalet,Si,No,No,Si,Si,No,No,No,No,No,Si,Si,No,No,Si,No,No,No,No
65,Hotel Viena,Agosto,18,20,Villeta,COP 342.000,"2 noches, 1 adulto",Suite Junior,1 cama doble grande,,No,No,No,No,Hoteles,No,Si,No,No,No,No,No,No,No,No,Si,No,Si,Si,Si,Si,No,Si,No
66,FINCA EL PARAISO,Agosto,18,20,Villeta,COP 312.000,"2 noches, 1 adulto",Habitación Familiar con vistas a la montaña,10 camas individuales,"9,2",No,No,No,No,Agroturismo,Si,Si,No,No,No,No,No,No,No,No,Si,Si,No,No,No,No,No,No,No
67,Fantastic country estate with an unbelievable view of the mountains,Agosto,18,20,La Vega,COP 666.280,"2 noches, 1 adulto",Casa,"11 camas
(6 individuales, 4 dobles, 1 sofá cama)",,No,No,No,No,Casas_y_Chalet,No,No,No,No,No,No,No,No,No,No,Si,Si,Si,No,No,No,No,No,No
68,VILLETA-SUITE 3PAX - FINCA ECOTURÍSTICA,Agosto,18,20,Villeta,COP 560.000,"2 noches, 1 adulto",Habitación Triple con baño,3 camas individuales,,No,No,No,No,Tented_camps,No,No,No,No,No,No,No,No,No,No,No,Si,No,No,Si,No,No,No,No
69,Zoque bosque de niebla,Agosto,18,20,San Francisco,COP 700.000,"2 noches, 1 adulto",Habitación Deluxe (2 adultos + 1 niño),1 cama doble grande,,No,No,No,No,lodges,Si,No,No,No,No,No,No,No,No,No,No,No,Si,Si,No,Si,No,No,No
70,casa san francisco,Agosto,18,20,San Francisco,COP 80.000,"2 noches, 1 adulto",Chalet,"14 camas
(10 individuales, 4 dobles)",,No,No,No,No,Casas_Rurales,Si,No,No,No,No,No,No,No,No,No,Si,Si,No,No,No,No,Si,No,No
71,Finca Villa Elenita,Agosto,18,20,Sasaima,COP 432.000,"2 noches, 1 adulto",Villa de 2 dormitorios,"2 camas
(1 doble, 1 doble grande)",,No,No,No,No,lodges,Si,No,No,No,Si,No,No,No,No,No,Si,Si,Si,No,No,No,No,No,No
72,Lomar Sol & Luna,Agosto,18,20,Sasaima,COP 800.000,"2 noches, 1 adulto",Habitación Familiar con vistas a la montaña,"6 camas
(5 literas, 1 doble grande)",,No,No,No,No,Hoteles,No,No,No,No,Si,No,No,No,No,No,Si,Si,No,No,No,Si,No,No,No
73,Cabañas Cuatro Caminos,Agosto,18,20,San Francisco,COP 798.000,"2 noches, 1 adulto",Villa de 2 dormitorios,3 camas dobles,,No,No,No,No,Casas_Rurales,No,No,No,No,No,No,No,No,No,No,No,Si,No,No,Si,No,No,No,No
74,Villa Elena Finca Sasaima,Agosto,18,20,Sasaima,COP 1.050.000,"2 noches, 1 adulto",Villa Deluxe,"7 camas
(1 doble, 1 doble extragrande, 5 dobles grandes)",,No,No,No,No,Villas,Si,No,No,No,No,No,No,No,No,No,No,Si,Si,No,No,No,No,No,No
75,Hotel Playa By Marbar Hoteles,Agosto,18,20,Villeta,COP 350.000,"2 noches, 1 adulto",Habitación Doble,1 cama doble,"8,0",No,No,No,No,Hoteles,Si,No,No,Si,Si,No,No,No,No,No,Si,No,Si,Si,Si,Si,Si,Si,No
76,Hotel Campestre Macondo,Agosto,18,20,Villeta,COP 274.000,"2 noches, 1 adulto",Habitación Doble,1 cama doble,,No,No,No,No,Hoteles,Si,Si,No,Si,Si,No,No,No,No,No,Si,Si,Si,Si,Si,Si,No,No,Si
77,La finca de Juancho,Agosto,18,20,Villeta,COP 300.000,"2 noches, 1 adulto",Habitación Doble con baño privado,1 cama doble,,No,No,No,No,Hoteles,No,Si,No,No,No,No,No,No,No,No,No,Si,No,Si,Si,No,No,No,Si
78,Hotel Alojamiento San Pedro In,Agosto,18,20,Villeta,COP 168.000,"2 noches, 1 adulto",Habitación Doble,1 cama doble,"8,0",No,No,No,No,Hoteles,Si,No,No,Si,No,No,No,No,No,No,No,No,No,Si,No,Si,No,No,No
79,Villa del Río Dulce Cabañas,Agosto,18,20,Villeta,COP 700.000,"2 noches, 1 adulto",Apartamento,,,No,No,No,No,lodges,No,Si,No,No,No,No,No,No,No,No,No,Si,No,No,No,Si,No,No,No
80,Finca Calusa,Agosto,18,20,Villeta,COP 720.000,"2 noches, 1 adulto",Habitación Cuádruple con baño privado,"3 camas
(2 individuales, 1 doble extragrande)","7,9",No,No,No,No,Casas_Rurales,Si,No,No,No,No,No,No,No,No,No,No,No,Si,No,No,No,No,No,No
81,Hotel Rio Alto,Agosto,18,20,Villeta,COP 300.000,"2 noches, 1 adulto",Habitación Doble - 2 camas,2 camas individuales,,No,No,No,No,Hoteles,No,No,No,No,No,No,No,No,No,No,No,Si,No,Si,No,Si,No,No,No
82,Finca Hotel Santa Rita,Agosto,18,20,Villeta,COP 300.000,"2 noches, 1 adulto",Habitación Doble Deluxe,1 cama doble,,No,No,No,No,Hostales_pensiones,No,Si,No,Si,No,No,No,No,No,No,No,Si,Si,No,No,No,No,No,No
83,Villas del Río-Finca Hotel,Agosto,18,20,San Francisco,COP 400.000,"2 noches, 1 adulto",Habitación Deluxe - 1 cama grande,1 cama doble,"9,4",No,No,No,No,Camping,Si,No,No,No,Si,No,No,No,No,No,No,No,No,Si,No,Si,No,No,Si
84,Glamping MagicLove,Agosto,18,20,San Francisco,COP 800.000,"2 noches, 1 adulto",Tienda,1 cama doble grande,,No,No,No,No,Tented_camps,No,No,No,No,No,No,No,No,No,No,No,Si,No,No,No,No,No,No,No
85,Cabaña finca Colibri,Agosto,18,20,San Francisco,COP 200.000,"2 noches, 1 adulto",Habitación Doble con balcón,1 cama individual,,No,No,No,No,Tented_camps,No,No,No,No,No,No,No,No,No,No,No,Si,No,No,No,No,No,No,No
86,El Rinconcito Feliz,Agosto,18,20,San Francisco,COP 400.000,"2 noches, 1 adulto",Apartamento de 3 dormitorios,"7 camas
(1 individual, 2 dobles, 3 literas, 1 sofá cama)","8,5",No,No,No,No,Apartamentos,Si,No,No,No,Si,No,No,No,No,No,No,Si,No,No,No,Si,No,No,No
87,Villa Laura finca de recreo,Agosto,18,20,San Francisco,COP 360.000,"2 noches, 1 adulto",Habitación Familiar Superior,"6 camas
(5 individuales, 1 doble grande)",,No,No,No,No,Casas_Rurales,No,No,No,No,No,No,No,No,No,No,No,Si,No,No,No,No,No,No,No
88,Casa Tramonti Natura,Agosto,18,20,San Francisco,COP 240.000,"2 noches, 1 adulto",Habitación Doble con baño privado,1 cama doble,,No,No,No,No,Casas_Rurales,No,No,No,No,No,No,No,No,No,No,No,No,No,No,No,No,No,No,No
89,Bellavista Campestre,Agosto,18,20,Villeta,COP 340.000,"2 noches, 1 adulto",Habitación Cuádruple Clásica,1 cama doble,"7,5",No,No,No,No,Casas_Rurales,No,No,No,Si,No,No,No,No,No,No,No,Si,No,Si,No,Si,No,No,No
90,Finca Miraflores (Cune),Agosto,18,20,Villeta,COP 2.000.000,"2 noches, 1 adulto",Casa de 3 habitaciones,"9 camas
(2 individuales, 3 dobles, 1 litera, 3 sofás cama)",,No,No,No,No,Casas_y_Chalet,No,No,No,No,No,No,No,No,No,No,No,Si,No,No,No,No,No,No,No
91,Finca Miraflores (Cune),Agosto,18,20,Villeta,COP 1.530.000,"2 noches, 1 adulto",Casa de 3 habitaciones,"9 camas
(1 individual, 4 dobles, 1 litera, 3 sofás cama)",,No,No,No,No,,No,No,No,No,No,No,No,No,No,No,No,No,No,No,No,No,No,No,No
92,Yuva Glamping,Agosto,18,20,San Francisco,COP 1.512.000,"2 noches, 1 adulto",Habitación Deluxe,1 cama doble grande,"9,6",No,No,No,No,Tented_camps,No,Si,No,No,No,No,No,No,No,No,No,No,No,No,No,No,No,No,No
93,Cabaña Colibri,Agosto,18,20,San Francisco,COP 180.000,"2 noches, 1 adulto",Tienda,1 cama doble,,No,No,No,No,Tented_camps,Si,No,No,No,Si,No,No,No,No,No,No,No,No,No,No,No,No,No,No
94,Villa Linda,Agosto,18,20,San Francisco,COP 210.000,"2 noches, 1 adulto",Habitación Familiar con baño privado,"2 camas
(1 individual, 1 doble)","8,5",No,No,No,No,Casas_Rurales,Si,No,No,Si,No,No,No,No,No,No,No,No,No,No,No,No,No,No,No
95,Naturaleza en armonia,Agosto,18,20,San Francisco,COP 240.000,"2 noches, 1 adulto",Habitación Doble con baño privado,1 cama individual,,No,No,No,No,lodges,Si,No,No,No,No,No,No,No,No,No,No,No,Si,No,No,No,No,No,No
96,Finca Loma Linda,Agosto,18,20,San Francisco,COP 1.100.000,"2 noches, 1 adulto",Casa de 4 dormitorios,"10 camas
(3 individuales, 2 sofás cama, 5 dobles grandes)","8,8",No,No,No,No,Casas_y_Chalet,Si,Si,No,No,No,No,No,No,No,No,No,No,No,No,No,No,No,No,No
97,Finca Jardín del agua,Agosto,18,20,Sasaima,COP 192.000,"2 noches, 1 adulto",Habitación Doble con baño privado,1 cama doble,"9,0",No,No,No,No,lodges,Si,No,No,No,No,No,No,No,No,No,No,No,Si,Si,No,No,No,No,No
98,Cabaña Okavango,Agosto,18,20,San Francisco,COP 480.000,"2 noches, 1 adulto",Casa de 3 habitaciones,"5 camas
(2 individuales, 1 doble, 2 literas)",,No,No,No,No,Casas_y_Chalet,No,No,No,No,No,No,No,No,No,No,No,No,No,No,No,No,No,No,No
99,Shangri-la,Agosto,18,20,San Francisco,COP 486.000,"2 noches, 1 adulto",Habitación Doble - 2 camas,1 cama doble grande,,No,No,No,No,Hoteles,Si,Si,No,No,No,No,No,No,No,No,No,No,No,Si,No,No,Si,Si,No
100,Mandala Hotel Concept,Agosto,18,20,Villeta,COP 1.170.000,"2 noches, 1 adulto",Estudio con cama extragrande y sofá cama,"3 camas
(1 individual, 1 sofá cama, 1 doble grande)","9,0",No,No,No,No,Hoteles,No,No,No,Si,Si,No,No,No,No,No,No,No,No,No,No,Si,Si,Si,No
101,Glamping Tierra Dulce,Agosto,18,20,Supatá,COP 600.000,"2 noches, 1 adulto",Tienda,1 cama doble,"9,5",No,No,No,No,Tented_camps,No,Si,No,No,Si,No,No,No,No,No,No,No,No,No,No,Si,No,No,No
102,Cabaña Encanto de Luna,Agosto,18,20,San Francisco,COP 450.000,"2 noches, 1 adulto",Chalet de 1 dormitorio,1 cama doble,,No,No,No,No,Chalets_Montaña,No,No,No,No,No,No,No,No,No,No,No,No,No,No,No,No,No,No,No
103,Finca California,Agosto,18,20,San Francisco,COP 800.000,"2 noches, 1 adulto",Villa Estándar,"7 camas
(1 individual, 3 dobles, 3 literas)",,No,No,No,No,lodges,No,No,No,No,No,No,No,No,No,No,No,No,No,No,No,No,Si,No,No
104,Casa en el Arbol,Agosto,18,20,Utica,COP 552.000,"2 noches, 1 adulto",Casa de 1 dormitorio,2 camas dobles,"8,4",No,No,No,No,lodges,No,No,No,Si,No,No,No,No,No,No,No,No,No,No,No,No,No,No,No
105,Salvia Glamping,Agosto,18,20,San Francisco,COP 800.000,"2 noches, 1 adulto",Habitación Doble con baño privado,1 cama doble,"8,3",No,No,No,No,Tented_camps,No,No,No,No,No,No,No,No,No,No,No,No,No,No,No,No,No,No,No
106,FINCA LA ERMITA - SASAIMA,Agosto,18,20,Sasaima,COP 80.000,"2 noches, 1 adulto",Habitación Doble,1 cama doble,"7,9",No,No,No,No,Hoteles,No,No,No,Si,Si,No,No,No,No,No,No,No,No,No,No,No,No,No,No
107,CASA RURAL LA PRIMAVERA GUADUAS,Agosto,18,20,Guaduas,COP 700.000,"2 noches, 1 adulto",Casa de 4 dormitorios,"8 camas
(2 individuales, 1 doble, 4 literas, 1 doble grande)",,No,No,No,No,Casas_y_Chalet,No,Si,No,Si,Si,No,No,No,No,No,No,No,No,No,No,No,No,No,No
108,Cabañas la Odisea,Agosto,18,20,Bogotá,COP 1.040.000,"2 noches, 1 adulto",Casa de 2 dormitorios,"4 camas
(2 individuales, 2 dobles)",,No,No,No,No,Casas_y_Chalet,No,No,No,No,No,No,No,No,No,No,No,No,No,No,No,No,No,No,No
109,Luna Glamping Colombia,Agosto,18,20,El Peñón,COP 1.700.000,"2 noches, 1 adulto",Tienda,1 cama doble extragrande,,No,No,No,No,Tented_camps,No,Si,No,No,Si,No,No,No,No,No,No,No,No,No,No,No,No,No,No
110,Posada Aventura,Agosto,18,20,Pacho,COP 140.000,"2 noches, 1 adulto",Habitación Doble grande - 2 camas,2 camas individuales,"9,2",No,No,No,No,Casas_Rurales,No,No,No,No,No,No,No,No,No,No,No,No,No,No,No,No,No,No,No
111,Hotel Campestre Los Almendros,Agosto,18,20,Villeta,COP 280.000,"2 noches, 1 adulto",Habitación Deluxe,1 cama doble,"6,8",No,No,No,No,lodges,No,No,No,Si,No,No,No,No,No,No,No,No,No,No,No,Si,Si,No,No
112,Apolonia Boutique,Agosto,18,20,Guaduas,COP 194.600,"2 noches, 1 adulto",Habitación Doble,1 cama doble,"8,2",No,No,No,No,Hoteles,No,No,No,No,No,No,No,No,No,No,No,No,No,No,No,No,No,No,No
113,Quinta Baroe,Agosto,18,20,Guaduas,COP 90.000,"2 noches, 1 adulto",Casa de 1 dormitorio,1 cama individual,"8,9",No,No,No,No,Casas_y_Chalet,No,No,No,Si,No,No,No,No,No,No,No,No,No,No,No,No,No,No,No
114,Refugio Hills Glamping,Agosto,18,20,El Rosal,COP 860.000,"2 noches, 1 adulto",Habitación con cama extragrande y vistas a la montaña,1 cama doble extragrande,"9,3",No,No,No,No,Camping,No,No,No,No,No,No,No,No,No,No,No,No,No,No,No,Si,No,No,No
115,Hostel La Casona 1859,Agosto,18,20,Guaduas,COP 50.000,"2 noches, 1 adulto",Habitación Doble,1 cama doble,"8,7",No,No,No,No,,No,No,No,Si,Si,No,No,No,No,No,No,No,No,No,No,Si,No,No,No
116,La Rosa Nautica Hostel,Agosto,18,20,Guaduas,COP 180.000,"2 noches, 1 adulto",Habitación Doble,1 cama doble,"8,9",No,No,No,No,,No,No,No,No,No,No,No,No,No,No,No,No,No,No,No,No,No,No,No
117,Villa Apolonia,Agosto,18,20,Guaduas,COP 130.000,"2 noches, 1 adulto",Habitación Doble - 2 camas,1 cama individual,"8,7",No,No,No,No,Hostales_pensiones,No,No,No,Si,No,No,No,No,No,No,No,No,No,No,No,No,Si,No,No
118,hospedaje vale y santi,Agosto,18,20,Guaduas,COP 80.000,"2 noches, 1 adulto",Habitación Deluxe - 1 cama grande,1 cama doble,,No,No,No,No,Hoteles,No,No,No,No,No,No,No,No,No,No,No,No,No,No,No,No,No,No,No
119,Casa finca El Girasol,Agosto,18,20,Guayabal de Síquima,COP 288.000,"2 noches, 1 adulto",Casa,"3 camas
(1 doble, 2 sofás cama)","9,8",No,No,No,No,Casas_y_Chalet,No,No,No,No,Si,No,No,No,No,No,No,No,No,No,No,No,No,No,No
120,El Portón de Enriqueta,Agosto,18,20,Guaduas,COP 240.340,"2 noches, 1 adulto",Habitación Doble,1 cama doble,"9,3",No,No,No,No,Hoteles,No,No,No,No,No,No,No,No,No,No,No,No,No,No,No,No,No,No,No
121,San Juan de los Guayabos,Agosto,18,20,Guaduas,COP 340.000,"2 noches, 1 adulto",Habitación Doble Deluxe (2 adultos + 1 niño),1 cama doble,,No,No,No,No,Hostales_pensiones,No,No,No,No,Si,No,No,No,No,No,No,No,No,No,No,No,Si,No,No
122,CasaSantander.,Agosto,18,20,Guaduas,COP 154.000,"2 noches, 1 adulto",Habitación Individual,1 cama individual,,No,No,No,No,Habitaciones_en_Casas,No,No,No,No,No,No,No,No,No,No,No,No,No,No,No,No,No,No,No
123,Casa Ensueño Hogar Boutique,Agosto,18,20,Guaduas,COP 320.000,"2 noches, 1 adulto",Habitación Doble,1 cama doble grande,"9,3",No,No,No,No,Hoteles,No,Si,No,No,Si,No,No,No,No,No,No,No,No,No,No,Si,Si,Si,No
124,Casa Dornella - Casa de Hospedaje,Agosto,18,20,Guaduas,COP 320.000,"2 noches, 1 adulto",Apartamento con balcón,"3 camas
(1 individual, 2 dobles)","9,3",No,No,No,No,Hostales_pensiones,No,No,No,No,No,No,No,No,No,No,No,No,No,No,No,No,No,No,No
125,La Casa de la Abuela,Agosto,18,20,Guaduas,COP 150.000,"2 noches, 1 adulto",Habitación Triple,"3 camas
(2 individuales, 1 doble)","9,5",No,No,No,No,Hoteles,No,No,No,No,Si,No,No,No,No,No,No,No,No,No,No,No,No,No,No
126,Casa Pacha,Agosto,18,20,Guaduas,COP 130.000,"2 noches, 1 adulto",Habitación Doble con baño privado,1 cama doble,"8,5",No,No,No,No,Hostales_pensiones,No,No,No,No,No,No,No,No,No,No,No,No,No,No,No,No,No,No,No
