,name,Mes,Dia Inicio,Dia Final,location,price,price_for,room_type,beds,rating,Hoteles+otros,Albergues+Alojamientos_Compartidos,Apartamentos+casas,Originales+Aire_Libre,Tipo_de_Alojamiento,Senderismo,Bañera,Baño_al_Aire_libre,Baño_publico,Tours_a_pie,Ciclismo,Parque_acuatico,Equitación,Parking,Habitaciones_Familiares,Habitaciones_No_Fumadores,Admite_Mascotas,Wifi_gratis,Restaurantes,Piscina,Servicio_Habitaciones,Adaptado_Movilidad_reducida,Spa_Y Centro_Bienestar,Gimnasio
0,Hotel Boutique Posada Las Trampas,,,,Honda Mostrar en el mapa,COP 698.000,"2 noches, 1 adulto",Habitación Doble - 2 camas,2 camas individuales,"9,3",,,,,,,,,,,,,,,,,,,,,,,,
1,Waka Hotel Rural,,,,Honda Mostrar en el mapa,COP 264.800,"2 noches, 1 adulto",Habitación Doble,1 cama doble,"8,8",,,,,,,,,,,,,,,,,,,,,,,,
2,Hotel Boutique La Villa de San Bartolomé,,,,Honda Mostrar en el mapa,COP 520.000,"2 noches, 1 adulto",Habitación Doble Estándar,1 cama doble grande,"8,7",,,,,,,,,,,,,,,,,,,,,,,,
3,Hotel Colonial - Honda -,,,,Honda Mostrar en el mapa,COP 220.000,"2 noches, 1 adulto",Habitación Doble Deluxe,1 cama doble extragrande,"7,7",,,,,,,,,,,,,,,,,,,,,,,,
4,Casa Celeste Honda,,,,Honda Mostrar en el mapa,COP 140.000,"2 noches, 1 adulto",Cama individual en dormitorio mixto,1 cama individual,,,,,,,,,,,,,,,,,,,,,,,,,
5,El Virrey Hotel Boutique,,,,Honda Mostrar en el mapa,COP 520.000,"2 noches, 1 adulto",Habitación Triple con baño,"2 camas
(1 doble, 1 litera)","8,3",,,,,,,,,,,,,,,,,,,,,,,,
6,El Mirador Hondano,,,,Honda Mostrar en el mapa,COP 155.400,"2 noches, 1 adulto",Habitación Triple,"2 camas
(1 individual, 1 doble)","8,1",,,,,,,,,,,,,,,,,,,,,,,,
7,Casa del Rio,,,,Honda Mostrar en el mapa,COP 320.000,"2 noches, 1 adulto",Habitación Doble grande - 2 camas,"3 camas
(2 individuales, 1 doble extragrande)","9,6",,,,,,,,,,,,,,,,,,,,,,,,
8,colinas del guali,,,,Honda Mostrar en el mapa,COP 860.000,"2 noches, 1 adulto",Casa de 3 habitaciones,"9 camas
(5 individuales, 1 doble, 3 dobles grandes)",,,,,,,,,,,,,,,,,,,,,,,,,
9,Habitación en Honda,,,,Honda Mostrar en el mapa,COP 107.200,"2 noches, 1 adulto",Habitación Doble,1 cama doble,"9,5",,,,,,,,,,,,,,,,,,,,,,,,
10,Hotel Boutique Mirador Las Palmas,,,,Honda Mostrar en el mapa,COP 290.000,"2 noches, 1 adulto",Habitación Superior - 1 cama grande,1 cama doble extragrande,"7,8",,,,,,,,,,,,,,,,,,,,,,,,
11,Hotel y Parque Acuatico Agua Sol Alegria,,,,Honda Mostrar en el mapa,COP 244.000,"2 noches, 1 adulto",Habitación Individual,1 cama individual,"7,3",,,,,,,,,,,,,,,,,,,,,,,,
12,Casa Amberes,,,,Honda Mostrar en el mapa,COP 700.000,"2 noches, 1 adulto",Habitación Doble con baño privado externo,1 cama doble,"9,8",,,,,,,,,,,,,,,,,,,,,,,,
13,Victoria Imperial Hotel,,,,Mariquita Mostrar en el mapa,COP 120.000,"2 noches, 1 adulto",Habitación Individual Estándar,1 cama individual,"8,4",,,,,,,,,,,,,,,,,,,,,,,,
14,Hotel Orquidea,,,,Mariquita Mostrar en el mapa,COP 130.000,"2 noches, 1 adulto",Habitación Triple,"2 camas
(1 individual, 1 doble)","7,5",,,,,,,,,,,,,,,,,,,,,,,,
15,Hostal Casa de los Virreyes,,,,Mariquita Mostrar en el mapa,COP 280.000,"2 noches, 1 adulto",Habitación Doble,1 cama doble grande,"9,0",,,,,,,,,,,,,,,,,,,,,,,,
16,Casamarilla,,,,Mariquita Mostrar en el mapa,COP 118.000,"2 noches, 1 adulto",Habitación Triple,"2 camas
(1 individual, 1 doble)","9,3",,,,,,,,,,,,,,,,,,,,,,,,
17,Hotel Tacuara,,,,Guaduas Mostrar en el mapa,COP 284.000,"2 noches, 1 adulto",Habitación Doble,1 cama doble,"7,2",,,,,,,,,,,,,,,,,,,,,,,,
18,Hotel Casa Blanca,,,,Guaduas Mostrar en el mapa,COP 917.020,"2 noches, 1 adulto",Habitación Doble con balcón - 2 camas,2 camas dobles,"9,1",,,,,,,,,,,,,,,,,,,,,,,,
19,Desiderata Resort,,,,Guaduas Mostrar en el mapa,COP 334.000,"2 noches, 1 adulto",Villa,1 cama doble,"7,8",,,,,,,,,,,,,,,,,,,,,,,,
20,La Rosa Nautica Hostel,,,,Guaduas Mostrar en el mapa,COP 180.000,"2 noches, 1 adulto",Habitación Doble,1 cama doble,"8,9",,,,,,,,,,,,,,,,,,,,,,,,
21,Hotel El Negro,,,,Mariquita Mostrar en el mapa,COP 95.200,"2 noches, 1 adulto",Habitación Doble Económica,1 cama doble,"8,1",,,,,,,,,,,,,,,,,,,,,,,,
22,Hotel Shalom PHE Guaduas,,,,Guaduas Mostrar en el mapa,COP 132.000,"2 noches, 1 adulto",Habitación Doble,1 cama doble,"8,6",,,,,,,,,,,,,,,,,,,,,,,,
23,La Luna,,,,Mariquita Mostrar en el mapa,COP 3.060.000,"2 noches, 1 adulto",Casa de 2 dormitorios,"3 camas
(2 dobles, 1 doble grande)","8,8",,,,,,,,,,,,,,,,,,,,,,,,
24,Apartamento Turistico Deluxe,,,,Mariquita Mostrar en el mapa,COP 200.000,"2 noches, 1 adulto",Habitación Familiar Deluxe,"2 camas
(1 individual, 1 doble)",,,,,,,,,,,,,,,,,,,,,,,,,
25,Hotel Marqueta,,,,Mariquita Mostrar en el mapa,COP 330.000,"2 noches, 1 adulto",Habitación Doble,1 cama doble,"8,3",,,,,,,,,,,,,,,,,,,,,,,,
26,Casa Pacha,,,,Guaduas Mostrar en el mapa,COP 130.000,"2 noches, 1 adulto",Habitación Doble con baño privado,1 cama doble,"8,5",,,,,,,,,,,,,,,,,,,,,,,,
27,Hostel La Casona 1859,,,,Guaduas Mostrar en el mapa,COP 50.000,"2 noches, 1 adulto",Habitación Doble,1 cama doble,"8,7",,,,,,,,,,,,,,,,,,,,,,,,
28,hospedaje vale y santi,,,,Guaduas Mostrar en el mapa,COP 80.000,"2 noches, 1 adulto",Habitación Deluxe - 1 cama grande,1 cama doble,,,,,,,,,,,,,,,,,,,,,,,,,
29,CasaSantander.,,,,Guaduas Mostrar en el mapa,COP 154.000,"2 noches, 1 adulto",Habitación Individual,1 cama individual,,,,,,,,,,,,,,,,,,,,,,,,,
30,San Juan de los Guayabos,,,,Guaduas Mostrar en el mapa,COP 340.000,"2 noches, 1 adulto",Habitación Doble Deluxe (2 adultos + 1 niño),1 cama doble,,,,,,,,,,,,,,,,,,,,,,,,,
31,Apolonia Boutique,,,,Guaduas Mostrar en el mapa,COP 194.600,"2 noches, 1 adulto",Habitación Doble,1 cama doble,"8,3",,,,,,,,,,,,,,,,,,,,,,,,
32,La Casa de la Abuela,,,,Guaduas Mostrar en el mapa,COP 100.000,"2 noches, 1 adulto",Habitación Doble - 2 camas,2 camas individuales,"9,5",,,,,,,,,,,,,,,,,,,,,,,,
33,Casa Ensueño Hogar Boutique,,,,Guaduas Mostrar en el mapa,COP 440.000,"2 noches, 1 adulto",Habitación Doble,1 cama doble grande,"9,4",,,,,,,,,,,,,,,,,,,,,,,,
34,El Portón de Enriqueta,,,,Guaduas Mostrar en el mapa,COP 242.300,"2 noches, 1 adulto",Habitación Doble,1 cama doble,"9,3",,,,,,,,,,,,,,,,,,,,,,,,
35,Casa Dornella - Casa de Hospedaje,,,,Guaduas Mostrar en el mapa,COP 260.000,"2 noches, 1 adulto",Habitación Doble,1 cama doble,"9,3",,,,,,,,,,,,,,,,,,,,,,,,
36,Quinta Baroe,,,,Guaduas Mostrar en el mapa,COP 240.000,"2 noches, 1 adulto",Casa de 1 dormitorio,1 cama individual,"8,9",,,,,,,,,,,,,,,,,,,,,,,,
37,Hotel Campestre Los Almendros,,,,Villeta Mostrar en el mapa,COP 280.000,"2 noches, 1 adulto",Habitación Deluxe,1 cama doble,"6,8",,,,,,,,,,,,,,,,,,,,,,,,
