,name,Mes,Dia Inicio,Dia Final,location,price,price_for,room_type,beds,rating,Hoteles+otros,Albergues+Alojamientos_Compartidos,Apartamentos+casas,Originales+Aire_Libre,Tipo_de_Alojamiento,Senderismo,Bañera,Baño_al_Aire_libre,Baño_publico,Tours_a_pie,Ciclismo,Parque_acuatico,Equitación,Parking,Habitaciones_Familiares,Habitaciones_No_Fumadores,Admite_Mascotas,Wifi_gratis,Restaurantes,Piscina,Servicio_Habitaciones,Adaptado_Movilidad_reducida,Spa_Y Centro_Bienestar,Gimnasio
0,Hotel Boutique Posada Las Trampas,,,,Honda Mostrar en el mapa,COP 460.000,"2 noches, 1 adulto",Habitación con cama grande,1 cama doble,"9,3",,,,,,,,,,,,,,,,,,,,,,,,
1,Villa Lulú & Co. Casa con piscina,,,,Honda Mostrar en el mapa,COP 1.045.000,"2 noches, 1 adulto",Villa con piscina privada,"9 camas
(4 individuales, 4 dobles, 1 doble extragrande)",,,,,,,,,,,,,,,,,,,,,,,,,
2,Waka Hotel Rural,,,,Honda Mostrar en el mapa,COP 242.000,"2 noches, 1 adulto",Habitación Doble,1 cama doble,"8,8",,,,,,,,,,,,,,,,,,,,,,,,
3,Hotel y Parque Acuatico Agua Sol Alegria,,,,Honda Mostrar en el mapa,COP 210.000,"2 noches, 1 adulto",Habitación Individual,1 cama individual,"7,3",,,,,,,,,,,,,,,,,,,,,,,,
4,El Mirador Hondano,,,,Honda Mostrar en el mapa,COP 126.000,"2 noches, 1 adulto",Habitación Triple,"2 camas
(1 individual, 1 doble)","8,1",,,,,,,,,,,,,,,,,,,,,,,,
5,Casa Celeste Honda,,,,Honda Mostrar en el mapa,COP 120.000,"2 noches, 1 adulto",Cama individual en dormitorio mixto,1 cama individual,,,,,,,,,,,,,,,,,,,,,,,,,
6,Habitación en Honda,,,,Honda Mostrar en el mapa,COP 171.520,"2 noches, 1 adulto",Habitación Doble,1 cama doble,"9,5",,,,,,,,,,,,,,,,,,,,,,,,
7,Hotel Boutique La Villa de San Bartolomé,,,,Honda Mostrar en el mapa,COP 440.000,"2 noches, 1 adulto",Habitación Doble Estándar,1 cama doble grande,"8,7",,,,,,,,,,,,,,,,,,,,,,,,
8,Hotel Boutique Mirador Las Palmas,,,,Honda Mostrar en el mapa,COP 290.000,"2 noches, 1 adulto",Habitación Superior - 1 cama grande,1 cama doble extragrande,"7,8",,,,,,,,,,,,,,,,,,,,,,,,
9,Casa Amberes,,,,Honda Mostrar en el mapa,COP 500.000,"2 noches, 1 adulto",Habitación Doble,1 cama doble,"9,8",,,,,,,,,,,,,,,,,,,,,,,,
10,colinas del guali,,,,Honda Mostrar en el mapa,COP 860.000,"2 noches, 1 adulto",Casa de 3 habitaciones,"9 camas
(5 individuales, 1 doble, 3 dobles grandes)",,,,,,,,,,,,,,,,,,,,,,,,,
11,Victoria Imperial Hotel,,,,Mariquita Mostrar en el mapa,COP 120.000,"2 noches, 1 adulto",Habitación Individual Estándar,1 cama individual,"8,4",,,,,,,,,,,,,,,,,,,,,,,,
12,Hotel Orquidea,,,,Mariquita Mostrar en el mapa,COP 140.000,"2 noches, 1 adulto",Habitación Doble Estándar,1 cama doble,"7,5",,,,,,,,,,,,,,,,,,,,,,,,
13,Hostal Casa de los Virreyes,,,,Mariquita Mostrar en el mapa,COP 105.000,"2 noches, 1 adulto",Habitación Familiar con baño privado,"4 camas
(2 individuales, 2 dobles grandes)","9,0",,,,,,,,,,,,,,,,,,,,,,,,
14,Casamarilla,,,,Mariquita Mostrar en el mapa,COP 118.000,"2 noches, 1 adulto",Habitación cuádruple,2 camas dobles,"9,3",,,,,,,,,,,,,,,,,,,,,,,,
15,Hotel Casa Blanca,,,,Guaduas Mostrar en el mapa,COP 917.020,"2 noches, 1 adulto",Habitación Doble con balcón - 2 camas,2 camas dobles,"9,1",,,,,,,,,,,,,,,,,,,,,,,,
16,Desiderata Resort,,,,Guaduas Mostrar en el mapa,COP 120.000,"2 noches, 1 adulto",Habitación Doble,1 cama doble,"7,8",,,,,,,,,,,,,,,,,,,,,,,,
17,Hotel El Negro,,,,Mariquita Mostrar en el mapa,COP 95.200,"2 noches, 1 adulto",Habitación Doble Económica,1 cama doble,"8,1",,,,,,,,,,,,,,,,,,,,,,,,
18,Hotel Shalom PHE Guaduas,,,,Guaduas Mostrar en el mapa,COP 132.000,"2 noches, 1 adulto",Habitación Doble,1 cama doble,"8,6",,,,,,,,,,,,,,,,,,,,,,,,
19,Apartamento Turistico Deluxe,,,,Mariquita Mostrar en el mapa,COP 300.000,"2 noches, 1 adulto",Habitación Familiar Deluxe,"2 camas
(1 individual, 1 doble)",,,,,,,,,,,,,,,,,,,,,,,,,
20,Casa del ciclista,,,,Mariquita Mostrar en el mapa,COP 320.000,"2 noches, 1 adulto",Habitación Doble con baño privado,1 cama doble grande,,,,,,,,,,,,,,,,,,,,,,,,,
21,Casa Pacha,,,,Guaduas Mostrar en el mapa,COP 130.000,"2 noches, 1 adulto",Habitación Doble con baño privado,1 cama doble,"8,5",,,,,,,,,,,,,,,,,,,,,,,,
22,Hostel La Casona 1859,,,,Guaduas Mostrar en el mapa,COP 70.000,"2 noches, 1 adulto",Habitación Doble - 2 camas,2 camas individuales,"8,7",,,,,,,,,,,,,,,,,,,,,,,,
23,hospedaje vale y santi,,,,Guaduas Mostrar en el mapa,COP 80.000,"2 noches, 1 adulto",Habitación Deluxe - 1 cama grande,1 cama doble,,,,,,,,,,,,,,,,,,,,,,,,,
24,CasaSantander.,,,,Guaduas Mostrar en el mapa,COP 154.000,"2 noches, 1 adulto",Habitación Individual,1 cama individual,,,,,,,,,,,,,,,,,,,,,,,,,
25,CasaSantander.,,,,Guaduas Mostrar en el mapa,COP 154.000,"2 noches, 1 adulto",Habitación Individual,1 cama individual,,,,,,,,,,,,,,,,,,,,,,,,,
26,Apolonia Boutique,,,,Guaduas Mostrar en el mapa,COP 210.000,"2 noches, 1 adulto",Habitación Doble,1 cama doble,"8,3",,,,,,,,,,,,,,,,,,,,,,,,
27,Quinta Baroe,,,,Guaduas Mostrar en el mapa,COP 90.000,"2 noches, 1 adulto",Casa de 1 dormitorio,1 cama individual,"8,9",,,,,,,,,,,,,,,,,,,,,,,,
28,La Casa de la Abuela,,,,Guaduas Mostrar en el mapa,COP 140.000,"2 noches, 1 adulto",Habitación Doble - 2 camas,2 camas individuales,"9,5",,,,,,,,,,,,,,,,,,,,,,,,
29,Hotel Campestre Los Almendros,,,,Villeta Mostrar en el mapa,COP 280.000,"2 noches, 1 adulto",Habitación Deluxe,1 cama doble,"6,8",,,,,,,,,,,,,,,,,,,,,,,,
