,name,Mes,Dia Inicio,Dia Final,location,price,price_for,room_type,beds,rating,Hoteles+otros,Albergues+Alojamientos_Compartidos,Apartamentos+casas,Originales+Aire_Libre,Tipo_de_Alojamiento,Senderismo,Bañera,Baño_al_Aire_libre,Baño_publico,Tours_a_pie,Ciclismo,Parque_acuatico,Equitación,Parking,Habitaciones_Familiares,Habitaciones_No_Fumadores,Admite_Mascotas,Wifi_gratis,Restaurantes,Piscina,Servicio_Habitaciones,Adaptado_Movilidad_reducida,Spa_Y Centro_Bienestar,Gimnasio
0,Hotel Boutique Posada Las Trampas,,,,Honda Mostrar en el mapa,COP 504.000,"2 noches, 1 adulto",Habitación Doble - 2 camas,2 camas individuales,"9,3",,,,,,,,,,,,,,,,,,,,,,,,
1,Villa Lulú & Co. Casa con piscina,,,,Honda Mostrar en el mapa,COP 1.045.000,"2 noches, 1 adulto",Villa con piscina privada,"9 camas
(4 individuales, 4 dobles, 1 doble extragrande)",,,,,,,,,,,,,,,,,,,,,,,,,
2,Waka Hotel Rural,,,,Honda Mostrar en el mapa,COP 242.000,"2 noches, 1 adulto",Habitación Doble,1 cama doble,"8,8",,,,,,,,,,,,,,,,,,,,,,,,
3,Finca el Lunar,,,,Honda Mostrar en el mapa,COP 300.000,"2 noches, 1 adulto",Casa de 4 dormitorios,"14 camas
(8 individuales, 6 dobles)",,,,,,,,,,,,,,,,,,,,,,,,,
4,Hotel y Parque Acuatico Agua Sol Alegria,,,,Honda Mostrar en el mapa,COP 152.000,"2 noches, 1 adulto",Habitación Individual,1 cama individual,"7,3",,,,,,,,,,,,,,,,,,,,,,,,
5,Casa Celeste Honda,,,,Honda Mostrar en el mapa,COP 120.000,"2 noches, 1 adulto",Cama individual en dormitorio mixto,1 cama individual,,,,,,,,,,,,,,,,,,,,,,,,,
6,Hotel Colonial - Honda -,,,,Honda Mostrar en el mapa,COP 220.000,"2 noches, 1 adulto",Habitación Doble Deluxe,1 cama doble extragrande,"7,7",,,,,,,,,,,,,,,,,,,,,,,,
7,Casa del Rio,,,,Honda Mostrar en el mapa,COP 320.000,"2 noches, 1 adulto",Habitación Doble grande - 2 camas,"3 camas
(2 individuales, 1 doble extragrande)","9,6",,,,,,,,,,,,,,,,,,,,,,,,
8,Habitación en Honda,,,,Honda Mostrar en el mapa,COP 164.820,"2 noches, 1 adulto",Habitación Doble,1 cama doble,"9,5",,,,,,,,,,,,,,,,,,,,,,,,
9,Hotel Boutique La Villa de San Bartolomé,,,,Honda Mostrar en el mapa,COP 440.000,"2 noches, 1 adulto",Habitación Doble Estándar,1 cama doble grande,"8,7",,,,,,,,,,,,,,,,,,,,,,,,
10,Hotel Boutique Mirador Las Palmas,,,,Honda Mostrar en el mapa,COP 290.000,"2 noches, 1 adulto",Habitación Superior - 1 cama grande,1 cama doble extragrande,"7,8",,,,,,,,,,,,,,,,,,,,,,,,
11,El Virrey Hotel Boutique,,,,Honda Mostrar en el mapa,COP 520.000,"2 noches, 1 adulto",Habitación Triple con baño,"2 camas
(1 doble, 1 litera)","8,3",,,,,,,,,,,,,,,,,,,,,,,,
12,Casa Amberes,,,,Honda Mostrar en el mapa,COP 500.000,"2 noches, 1 adulto",Habitación Doble,1 cama doble,"9,8",,,,,,,,,,,,,,,,,,,,,,,,
13,colinas del guali,,,,Honda Mostrar en el mapa,COP 860.000,"2 noches, 1 adulto",Casa de 3 habitaciones,"9 camas
(5 individuales, 1 doble, 3 dobles grandes)",,,,,,,,,,,,,,,,,,,,,,,,,
14,Casa Xanadu,,,,Honda Mostrar en el mapa,COP 1.400.000,"2 noches, 1 adulto",Casa,"8 camas
(4 individuales, 2 dobles, 1 doble extragrande, 1 litera)",,,,,,,,,,,,,,,,,,,,,,,,,
15,Victoria Imperial Hotel,,,,Mariquita Mostrar en el mapa,COP 120.000,"2 noches, 1 adulto",Habitación Individual Estándar,1 cama individual,"8,4",,,,,,,,,,,,,,,,,,,,,,,,
16,Hotel Orquidea,,,,Mariquita Mostrar en el mapa,COP 130.000,"2 noches, 1 adulto",Habitación Triple,"2 camas
(1 individual, 1 doble)","7,5",,,,,,,,,,,,,,,,,,,,,,,,
17,Hostal Casa de los Virreyes,,,,Mariquita Mostrar en el mapa,COP 280.000,"2 noches, 1 adulto",Habitación Doble,1 cama doble grande,"9,0",,,,,,,,,,,,,,,,,,,,,,,,
18,Casamarilla,,,,Mariquita Mostrar en el mapa,COP 118.000,"2 noches, 1 adulto",Habitación cuádruple,2 camas dobles,"9,3",,,,,,,,,,,,,,,,,,,,,,,,
19,Hotel Tacuara,,,,Guaduas Mostrar en el mapa,COP 284.000,"2 noches, 1 adulto",Habitación Doble,1 cama doble,"7,2",,,,,,,,,,,,,,,,,,,,,,,,
20,Hotel Casa Blanca,,,,Guaduas Mostrar en el mapa,COP 917.020,"2 noches, 1 adulto",Habitación Doble con balcón - 2 camas,2 camas dobles,"9,1",,,,,,,,,,,,,,,,,,,,,,,,
21,Desiderata Resort,,,,Guaduas Mostrar en el mapa,COP 180.000,"2 noches, 1 adulto",Habitación Doble,1 cama doble,"7,8",,,,,,,,,,,,,,,,,,,,,,,,
22,La Rosa Nautica Hostel,,,,Guaduas Mostrar en el mapa,COP 180.000,"2 noches, 1 adulto",Habitación Doble,1 cama doble,"8,9",,,,,,,,,,,,,,,,,,,,,,,,
23,Hotel El Negro,,,,Mariquita Mostrar en el mapa,COP 95.200,"2 noches, 1 adulto",Habitación Doble Económica,1 cama doble,"8,1",,,,,,,,,,,,,,,,,,,,,,,,
24,Hotel Shalom PHE Guaduas,,,,Guaduas Mostrar en el mapa,COP 132.000,"2 noches, 1 adulto",Habitación Doble,1 cama doble,"8,6",,,,,,,,,,,,,,,,,,,,,,,,
25,La Luna,,,,Mariquita Mostrar en el mapa,COP 252.000,"2 noches, 1 adulto",Casa de 2 dormitorios,"3 camas
(2 dobles, 1 doble grande)","8,8",,,,,,,,,,,,,,,,,,,,,,,,
26,LA QUINTA HOTEL BOUTIQUE,,,,Mariquita Mostrar en el mapa,COP 224.000,"2 noches, 1 adulto",Habitación Deluxe,1 cama doble,"8,0",,,,,,,,,,,,,,,,,,,,,,,,
27,Apartamento Turistico Deluxe,,,,Mariquita Mostrar en el mapa,COP 200.000,"2 noches, 1 adulto",Habitación Familiar Deluxe,"2 camas
(1 individual, 1 doble)",,,,,,,,,,,,,,,,,,,,,,,,,
28,Hotel Marqueta,,,,Mariquita Mostrar en el mapa,COP 330.000,"2 noches, 1 adulto",Habitación Doble,1 cama doble,"8,3",,,,,,,,,,,,,,,,,,,,,,,,
29,Hotel B & C,,,,Mariquita Mostrar en el mapa,COP 120.000,"2 noches, 1 adulto",Habitación Doble,1 cama doble,"8,3",,,,,,,,,,,,,,,,,,,,,,,,
30,Casa Pacha,,,,Guaduas Mostrar en el mapa,COP 130.000,"2 noches, 1 adulto",Habitación Doble con baño privado,1 cama doble,"8,5",,,,,,,,,,,,,,,,,,,,,,,,
31,Hostel La Casona 1859,,,,Guaduas Mostrar en el mapa,COP 50.000,"2 noches, 1 adulto",Habitación Doble,1 cama doble,"8,7",,,,,,,,,,,,,,,,,,,,,,,,
32,hospedaje vale y santi,,,,Guaduas Mostrar en el mapa,COP 80.000,"2 noches, 1 adulto",Habitación Deluxe - 1 cama grande,1 cama doble,,,,,,,,,,,,,,,,,,,,,,,,,
33,CasaSantander.,,,,Guaduas Mostrar en el mapa,COP 154.000,"2 noches, 1 adulto",Habitación Individual,1 cama individual,,,,,,,,,,,,,,,,,,,,,,,,,
34,San Juan de los Guayabos,,,,Guaduas Mostrar en el mapa,COP 340.000,"2 noches, 1 adulto",Habitación Doble Deluxe (2 adultos + 1 niño),1 cama doble,,,,,,,,,,,,,,,,,,,,,,,,,
35,Apolonia Boutique,,,,Guaduas Mostrar en el mapa,COP 194.600,"2 noches, 1 adulto",Habitación Doble,1 cama doble,"8,3",,,,,,,,,,,,,,,,,,,,,,,,
36,Quinta Baroe,,,,Guaduas Mostrar en el mapa,COP 240.000,"2 noches, 1 adulto",Casa de 1 dormitorio,1 cama individual,"8,9",,,,,,,,,,,,,,,,,,,,,,,,
37,La Casa de la Abuela,,,,Guaduas Mostrar en el mapa,COP 100.000,"2 noches, 1 adulto",Habitación Doble - 2 camas,2 camas individuales,"9,5",,,,,,,,,,,,,,,,,,,,,,,,
38,Casa Ensueño Hogar Boutique,,,,Guaduas Mostrar en el mapa,COP 320.000,"2 noches, 1 adulto",Habitación Doble,1 cama doble grande,"9,4",,,,,,,,,,,,,,,,,,,,,,,,
39,El Portón de Enriqueta,,,,Guaduas Mostrar en el mapa,COP 240.340,"2 noches, 1 adulto",Habitación Doble,1 cama doble,"9,3",,,,,,,,,,,,,,,,,,,,,,,,
40,Casa Dornella - Casa de Hospedaje,,,,Guaduas Mostrar en el mapa,COP 260.000,"2 noches, 1 adulto",Habitación Doble,1 cama doble,"9,3",,,,,,,,,,,,,,,,,,,,,,,,
41,Hotel Campestre Los Almendros,,,,Villeta Mostrar en el mapa,COP 280.000,"2 noches, 1 adulto",Habitación Deluxe,1 cama doble,"6,8",,,,,,,,,,,,,,,,,,,,,,,,
