,name,Mes,Dia Inicio,Dia Final,location,price,price_for,room_type,beds,rating,Hoteles+otros,Albergues+Alojamientos_Compartidos,Apartamentos+casas,Originales+Aire_Libre,Tipo_de_Alojamiento,Senderismo,Bañera,Baño_al_Aire_libre,Baño_publico,Tours_a_pie,Ciclismo,Parque_acuatico,Equitación,Parking,Habitaciones_Familiares,Habitaciones_No_Fumadores,Admite_Mascotas,Wifi_gratis,Restaurantes,Piscina,Servicio_Habitaciones,Adaptado_Movilidad_reducida,Spa_Y Centro_Bienestar,Gimnasio
0,El Virrey Hotel Boutique,Agosto,14,16,Honda,COP 520.000,"2 noches, 1 adulto",Habitación Triple con baño,"2 camas
(1 doble, 1 litera)","8,3",Si,Si,No,No,Hoteles,No,Si,No,Si,Si,No,No,No,Si,Si,Si,No,Si,Si,Si,Si,No,Si,Si
1,Hotel Colonial - Honda -,Agosto,14,16,Honda,COP 220.000,"2 noches, 1 adulto",Habitación Doble Deluxe,1 cama doble extragrande,"7,7",Si,Si,No,No,Hoteles,No,No,No,No,No,No,No,No,Si,Si,No,No,Si,No,Si,No,Si,No,No
2,Hotel Boutique La Villa de San Bartolomé,Agosto,14,16,Honda,COP 480.000,"2 noches, 1 adulto",Habitación Doble Estándar,1 cama doble grande,"8,6",Si,Si,No,No,Hoteles,No,No,No,Si,No,No,No,No,Si,Si,No,No,Si,Si,Si,Si,No,No,Si
3,Villa Lulú & Co. Casa con piscina,Agosto,14,16,Honda,COP 1.045.000,"2 noches, 1 adulto",Villa con piscina privada,"9 camas
(4 individuales, 4 dobles, 1 doble extragrande)",,No,No,Si,No,Villas,Si,No,No,No,Si,Si,No,No,No,Si,Si,Si,No,No,Si,No,Si,No,No
4,Hotel Paraíso Colonial,Agosto,14,16,Honda,COP 140.000,"2 noches, 1 adulto",Habitación Doble Estándar con ventilador,1 cama doble,"7,1",Si,Si,No,No,Hoteles,No,No,No,No,Si,No,No,No,No,Si,No,No,Si,Si,No,Si,No,No,No
5,Casa Celeste Honda,Agosto,14,16,Honda,COP 120.000,"2 noches, 1 adulto",Cama individual en dormitorio mixto,1 cama individual,,Si,Si,No,No,Hostales_pensiones,No,No,No,No,Si,No,No,No,Si,Si,Si,Si,Si,No,Si,No,No,No,No
6,colinas del guali,Agosto,14,16,Honda,COP 860.000,"2 noches, 1 adulto",Casa de 3 habitaciones,"9 camas
(5 individuales, 1 doble, 3 dobles grandes)",,No,No,Si,No,Casas_y_Chalet,No,Si,No,No,No,No,No,No,No,No,No,Si,No,No,Si,No,No,No,No
7,Habitación en Honda,Agosto,14,16,Honda,COP 164.820,"2 noches, 1 adulto",Habitación Doble,1 cama doble,"9,5",Si,Si,No,No,,No,No,No,No,No,No,No,No,Si,Si,No,No,Si,No,No,No,No,No,No
8,Hotel Kasa Dokari,Agosto,14,16,Honda,COP 100.000,"2 noches, 1 adulto",Habitación Individual con vistas a la montaña,1 cama individual,,Si,Si,No,No,Hoteles,No,No,No,Si,No,No,No,No,Si,Si,Si,No,Si,No,No,No,No,No,No
9,Hotel Boutique Mirador Las Palmas,Agosto,14,16,Honda,COP 290.000,"2 noches, 1 adulto",Habitación Superior - 1 cama grande,1 cama doble extragrande,"7,8",Si,Si,Si,No,Hoteles,Si,Si,No,Si,Si,Si,No,No,Si,Si,Si,Si,Si,No,Si,Si,No,No,No
10,Waka Hotel Rural,Agosto,14,16,Honda,COP 264.800,"2 noches, 1 adulto",Habitación Doble,1 cama doble,"8,8",Si,Si,No,No,Hoteles,Si,No,No,Si,Si,Si,No,No,Si,Si,Si,Si,Si,Si,Si,Si,No,No,No
11,Hermosa casa en Honda,Agosto,14,16,Honda,COP 558.000,"2 noches, 1 adulto",Casa,"7 camas
(1 doble, 4 literas, 2 futones)","8,9",No,No,Si,No,Casas_y_Chalet,No,Si,No,No,No,No,No,No,Si,Si,Si,Si,No,No,Si,No,Si,No,No
12,Hotel y Parque Acuatico Agua Sol Alegria,Agosto,14,16,Honda,COP 244.000,"2 noches, 1 adulto",Habitación Individual,1 cama individual,"7,4",Si,Si,No,No,resorts,No,No,No,No,Si,No,No,No,Si,Si,Si,No,No,Si,Si,No,No,No,No
13,Casa del Rio,Agosto,14,16,Honda,COP 1.800.000,"2 noches, 1 adulto",Casa de 5 dormitorios,"8 camas
(6 individuales, 2 dobles)","9,6",No,No,Si,No,,Si,Si,No,No,Si,No,No,No,No,Si,Si,No,Si,No,Si,No,No,No,No
14,Casa Amberes,Agosto,14,16,Honda,COP 670.000,"2 noches, 1 adulto",Habitación Doble,1 cama doble,"9,8",Si,Si,No,No,,No,No,No,No,Si,No,No,No,Si,No,Si,Si,Si,Si,Si,No,No,No,No
15,Casa Xanadu,Agosto,14,16,Honda,COP 1.400.000,"2 noches, 1 adulto",Casa,"8 camas
(4 individuales, 2 dobles, 1 doble extragrande, 1 litera)",,No,No,Si,No,Casas_y_Chalet,No,No,No,No,No,No,No,No,Si,Si,Si,No,Si,No,Si,No,No,No,No
16,Victoria Imperial Hotel,Agosto,14,16,Mariquita,COP 120.000,"2 noches, 1 adulto",Habitación Individual Estándar,1 cama individual,"8,4",Si,Si,No,No,Hoteles,Si,No,No,Si,Si,Si,No,No,Si,Si,Si,No,Si,Si,Si,Si,No,No,No
17,Hotel Orquidea,Agosto,14,16,Mariquita,COP 130.000,"2 noches, 1 adulto",Habitación Triple,"2 camas
(1 individual, 1 doble)","7,5",Si,Si,No,No,Hoteles,No,No,No,No,No,No,No,No,Si,Si,No,Si,Si,No,No,No,No,No,No
18,Hostal Casa de los Virreyes,Agosto,14,16,Mariquita,COP 280.000,"2 noches, 1 adulto",Habitación Doble,1 cama doble grande,"9,0",Si,Si,No,No,Hostales_pensiones,Si,No,No,Si,No,Si,No,No,Si,Si,Si,Si,Si,No,Si,Si,Si,No,No
19,Hotel Tacuara,Agosto,14,16,Guaduas,COP 284.000,"2 noches, 1 adulto",Habitación Doble,1 cama doble,"7,1",Si,Si,Si,No,Hoteles,Si,No,No,Si,Si,No,No,No,Si,Si,No,Si,Si,Si,Si,No,Si,No,Si
20,Hotel Casa Blanca,Agosto,14,16,Guaduas,COP 917.020,"2 noches, 1 adulto",Habitación Doble con balcón - 2 camas,2 camas dobles,"9,1",Si,Si,No,No,Hoteles,No,Si,No,No,No,No,No,No,Si,Si,Si,No,Si,Si,Si,Si,No,No,No
21,Desiderata Resort,Agosto,14,16,Guaduas,COP 218.000,"2 noches, 1 adulto",Habitación Doble,1 cama doble,"7,8",Si,Si,Si,No,Hoteles,Si,No,No,Si,No,Si,No,No,Si,Si,No,Si,Si,Si,Si,Si,Si,No,No
22,La Rosa Nautica Hostel,Agosto,14,16,Guaduas,COP 180.000,"2 noches, 1 adulto",Habitación Doble,1 cama doble,"8,9",Si,Si,No,No,,Si,No,No,No,No,No,No,No,Si,Si,No,Si,Si,No,No,No,No,No,No
23,Hotel El Negro,Agosto,14,16,Mariquita,COP 95.200,"2 noches, 1 adulto",Habitación Doble Económica,1 cama doble,"8,2",Si,Si,Si,No,Hoteles,No,No,No,No,No,No,No,No,Si,Si,No,Si,Si,No,No,No,No,No,No
24,Hotel Shalom PHE Guaduas,Agosto,14,16,Guaduas,COP 132.000,"2 noches, 1 adulto",Habitación Doble,1 cama doble,"8,5",Si,Si,No,No,Hoteles,No,No,No,No,No,No,No,No,Si,Si,Si,No,Si,Si,No,Si,No,No,No
25,La Luna,Agosto,14,16,Mariquita,COP 308.000,"2 noches, 1 adulto",Casa de 2 dormitorios,"3 camas
(2 dobles, 1 doble grande)","8,8",No,No,Si,No,Casas_y_Chalet,No,No,No,No,No,No,No,No,Si,Si,Si,No,No,No,Si,No,No,No,No
26,LA QUINTA HOTEL BOUTIQUE,Agosto,14,16,Mariquita,COP 224.000,"2 noches, 1 adulto",Habitación Deluxe,1 cama doble,"8,0",Si,Si,No,No,Hoteles,No,No,No,No,No,No,No,No,Si,Si,Si,Si,Si,Si,Si,Si,No,No,No
27,Hotel Marqueta,Agosto,14,16,Mariquita,COP 190.000,"2 noches, 1 adulto",Habitación Individual Económica,1 cama individual,"8,4",Si,Si,No,No,Hoteles,No,No,No,No,No,Si,No,No,Si,Si,Si,Si,Si,Si,Si,Si,No,Si,No
28,Hotel B & C,Agosto,14,16,Mariquita,COP 120.000,"2 noches, 1 adulto",Habitación Doble,1 cama doble,"8,3",Si,Si,No,No,Hoteles,No,Si,No,No,No,Si,No,No,Si,Si,Si,Si,Si,No,No,Si,No,No,No
29,Casa quinta Mariquita,Agosto,14,16,Mariquita,COP 420.000,"2 noches, 1 adulto",Casa de 3 habitaciones,"5 camas
(2 individuales, 1 doble, 1 sofá cama, 1 doble grande)","9,1",No,No,Si,No,Casas_y_Chalet,Si,Si,No,Si,No,No,No,No,Si,Si,Si,Si,No,No,Si,No,No,No,No
30,Casa Pacha,Agosto,14,16,Guaduas,COP 130.000,"2 noches, 1 adulto",Habitación Doble con baño privado,1 cama doble,"8,5",Si,Si,No,No,Hostales_pensiones,No,No,No,No,No,No,No,No,Si,Si,Si,Si,Si,No,No,No,No,No,No
31,Villa Apolonia,Agosto,14,16,Guaduas,COP 130.000,"2 noches, 1 adulto",Habitación Doble - 2 camas,1 cama individual,"8,7",Si,Si,No,No,Hostales_pensiones,Si,No,No,Si,No,No,No,No,Si,No,Si,No,Si,No,No,No,Si,No,No
32,hospedaje vale y santi,Agosto,14,16,Guaduas,COP 80.000,"2 noches, 1 adulto",Habitación Deluxe - 1 cama grande,1 cama doble,,No,No,No,No,Hoteles,No,No,No,No,No,No,No,No,No,No,No,No,No,No,No,No,No,No,No
33,Hostel La Casona 1859,Agosto,14,16,Guaduas,COP 50.000,"2 noches, 1 adulto",Habitación Doble,1 cama doble,"8,7",No,No,No,No,,Si,No,No,Si,Si,Si,No,No,No,Si,Si,Si,Si,No,No,Si,No,No,No
34,CasaSantander.,Agosto,14,16,Guaduas,COP 154.000,"2 noches, 1 adulto",Habitación Individual,1 cama individual,,No,No,No,Si,Habitaciones_en_Casas,No,No,No,No,No,No,No,No,No,Si,Si,Si,Si,No,No,No,No,No,No
35,San Juan de los Guayabos,Agosto,14,16,Guaduas,COP 340.000,"2 noches, 1 adulto",Habitación Doble Deluxe (2 adultos + 1 niño),1 cama doble,,No,No,No,No,Hostales_pensiones,No,No,No,No,Si,No,No,No,Si,No,Si,Si,Si,No,No,No,Si,No,No
36,La Casa de la Abuela,Agosto,14,16,Guaduas,COP 150.000,"2 noches, 1 adulto",Habitación Triple,"3 camas
(2 individuales, 1 doble)","9,5",No,No,No,No,Hoteles,Si,No,No,No,Si,Si,No,No,Si,Si,Si,Si,Si,No,No,No,No,No,No
37,Apolonia Boutique,Agosto,14,16,Guaduas,COP 240.000,"2 noches, 1 adulto",Habitación Doble,1 cama doble,"8,2",No,No,No,No,Hoteles,No,No,No,No,No,No,No,No,No,Si,No,No,Si,No,Si,No,No,No,No
38,El Portón de Enriqueta,Agosto,14,16,Guaduas,COP 240.340,"2 noches, 1 adulto",Habitación Doble,1 cama doble,"9,3",No,No,No,No,Hoteles,No,No,No,No,No,No,No,No,Si,Si,Si,No,Si,Si,No,No,No,No,No
39,Casa Dornella - Casa de Hospedaje,Agosto,14,16,Guaduas,COP 260.000,"2 noches, 1 adulto",Habitación Doble,1 cama doble,"9,3",No,No,Si,No,Hostales_pensiones,No,No,No,No,No,No,No,No,Si,Si,No,No,Si,No,No,No,No,No,No
40,Casa Ensueño Hogar Boutique,Agosto,14,16,Guaduas,COP 320.000,"2 noches, 1 adulto",Habitación Doble,1 cama doble grande,"9,3",No,No,No,No,Hoteles,Si,Si,No,No,Si,Si,No,No,Si,No,No,No,Si,No,Si,Si,Si,Si,No
41,Quinta Baroe,Agosto,14,16,Guaduas,COP 240.000,"2 noches, 1 adulto",Casa de 1 dormitorio,1 cama individual,"8,9",No,No,Si,No,Casas_y_Chalet,Si,No,No,Si,No,No,No,No,Si,Si,Si,No,Si,Si,Si,No,No,No,No
42,La Reserva Cabañas,Agosto,14,16,Victoria,COP 240.000,"2 noches, 1 adulto",Habitación Doble con balcón,1 cama doble,"6,8",No,No,Si,No,Hoteles,Si,No,No,Si,Si,Si,No,No,Si,Si,No,Si,No,Si,Si,Si,No,Si,No
43,Hotel Campestre Los Almendros,Agosto,14,16,Villeta,COP 280.000,"2 noches, 1 adulto",Habitación Deluxe,1 cama doble,"6,8",No,No,No,No,lodges,No,No,No,Si,No,No,No,No,Si,Si,Si,Si,Si,Si,Si,Si,Si,No,No
